1,-4,4,-4,3,-6,4,7,8,8,-7,-6,0,-8,7,4,-4,-1,4,4,6,5,7,1,4,-1,-3,8,0,-4
-2,8,5,-1,-7,-4,4,-2,-3,1,6,8,6,6,0,5,-2,-6,-3,-4,7,6,5,2,7,-1,-1,1,4,-3
7,3,-3,-7,4,-5,1,3,-1,7,-7,3,8,5,-7,-8,7,0,3,0,-1,7,-5,-2,3,-6,5,-1,-6,-4
-8,-4,3,8,-3,2,-2,1,-5,-3,2,0,1,-7,-8,8,4,3,-5,-1,3,4,2,0,8,1,3,1,-2,-1
-3,-4,4,-7,-4,4,7,-1,-4,0,-7,2,5,1,-8,7,2,-6,-3,4,6,-1,-2,7,3,-7,5,3,-2,3
0,2,5,4,2,-4,2,-8,-6,-3,3,-1,-4,8,-5,7,-7,8,-4,-1,7,-2,3,-4,-7,-8,2,3,-5,-5
3,0,4,-3,7,5,-1,0,-3,-8,1,0,-8,-8,-8,8,4,0,-1,5,-5,5,2,-1,7,9,5,3,-2,0
-9,7,3,-6,8,-6,-7,8,1,-4,3,6,2,6,-1,8,7,-5,2,-2,6,6,-2,-5,-7,0,8,2,-8,-4
5,-4,-5,-2,8,-6,5,4,1,5,3,8,7,6,8,4,4,-1,3,-6,-3,-6,0,-5,5,-7,7,3,2,-1
0,8,3,-1,6,-5,-7,-5,0,-7,4,5,3,-3,-6,8,7,-2,-5,8,6,-3,5,-6,4,-5,-5,-6,-3,7
-5,2,4,4,-1,6,6,8,0,-2,5,5,-5,-5,7,-7,-2,1,-7,4,6,-7,4,-8,-1,-8,-7,5,-3,-1
-7,-7,-2,-5,-5,-1,-3,1,5,-2,8,-4,-3,-8,-2,6,-4,-4,-3,6,-4,6,0,9,5,7,2,5,-3,-6
-8,7,2,2,1,6,-1,1,-3,-7,-5,-3,-1,2,7,-7,-5,7,-2,-5,-1,1,1,4,2,-2,3,0,1,7
-1,8,5,1,-1,-12,1,-9,-4,12,10,-6,16,2,1,-3,4,-2,-1,0,-10,5,10,-7,8,6,10,0,6,-9
2,0,6,6,9,1,2,-1,2,-5,-3,-5,-5,-14,5,15,13,8,6,-3,0,-8,1,-3,7,10,4,-1,-1,1
2,8,-8,-4,0,3,-3,1,8,-6,-3,-3,8,-6,-7,-6,-5,-1,3,7,3,-8,0,6,6,3,-3,7,-4,5
5,0,-5,7,1,-7,-5,2,-5,7,-5,-4,-5,-9,-1,-7,-2,-8,-6,-7,-1,-1,2,-1,4,-3,-6,-4,-3,-7
-7,2,8,0,5,-7,7,-7,-1,-2,4,-7,-6,2,4,8,6,2,5,-6,-4,1,2,2,-6,2,7,8,3,-7
7,2,-4,-7,2,6,-5,8,3,6,-3,-2,-8,-4,2,4,3,3,-6,-4,8,7,6,6,8,3,6,-1,0,6
-3,-2,3,-5,-4,1,4,-6,9,1,-1,-3,-2,-7,-8,-8,-4,-6,-4,-3,-5,6,3,1,2,-4,-6,7,-6,8
-8,-8,-7,-1,2,0,1,1,-4,6,7,-5,6,5,-4,-4,1,3,8,2,-4,-6,2,8,6,-7,7,-7,1,3
-3,3,6,-8,-6,5,6,-5,2,4,-3,-3,-6,4,1,4,-6,-8,8,3,2,-7,-8,7,-2,-4,-3,1,4,4
-8,-4,-7,5,6,7,-5,4,3,-6,2,0,4,1,-4,-4,-5,-2,2,5,-9,-5,-5,6,3,2,-3,-1,-3,2
-5,-7,1,5,6,-8,-7,3,1,-7,6,7,-2,0,-7,-2,-8,-4,-8,-9,3,-3,5,-6,-3,7,-4,-2,0,-1
7,4,2,4,1,-7,-3,-1,-5,6,-7,6,8,4,-1,-3,7,-4,2,-1,-2,-5,8,-8,-3,5,4,8,-5,-5
6,3,-7,-5,-4,3,-1,4,5,-5,-7,5,3,4,6,3,-5,2,-4,-4,2,8,1,-1,1,1,2,1,1,-7
0,-1,-1,1,4,0,-2,1,2,-8,-6,7,8,8,7,-1,1,-6,-1,0,-8,-5,-3,4,5,-1,2,-2,8,-2
-5,4,0,3,7,1,-7,-4,-2,5,-5,-2,2,-2,1,-8,3,-2,-4,-4,-3,-2,0,3,8,3,-4,2,4,2
2,-7,8,-7,4,4,3,0,-5,4,4,3,-6,6,-7,7,-2,-9,-2,-3,-8,5,3,6,5,8,2,-8,3,6
5,-4,-6,6,5,-1,5,-1,-5,5,-6,-4,-2,-6,-1,-8,4,8,-5,-1,3,-3,1,3,0,1,6,8,-2,-6
6,-5,3,-3,3,4,6,0,-2,4,-3,-8,-6,-8,2,7,-3,7,6,2,5,-4,-1,-3,0,2,5,8,5,-6
1,0,7,2,4,-4,-5,1,-6,3,7,0,-7,8,-3,4,-6,3,4,-5,8,7,-6,-1,-4,-5,8,-7,5,-5
5,3,-2,-1,-1,8,3,7,2,-9,-6,8,-8,5,-3,-7,0,-8,-7,4,7,4,-3,4,0,0,5,5,1,1
-1,6,-1,-8,-2,-8,-4,2,6,3,-8,6,-4,4,2,2,8,3,4,-2,-8,-4,3,7,2,7,-1,4,7,-4
1,6,8,7,7,-14,19,-3,-5,12,6,-15,15,16,-5,8,13,7,-13,-1,-7,1,3,-12,2,-10,5,0,10,-11
8,-4,-7,10,4,-16,14,-3,-9,-8,-6,-12,7,7,-10,2,19,2,5,-20,-21,12,11,-11,19,-3,9,-9,14,-16
21,-8,10,6,11,-14,9,-12,-11,-10,-10,-14,13,21,-7,8,13,0,8,-8,-14,9,13,-2,1,10,4,-5,18,-8
7,-1,-7,23,2,-13,7,-4,-18,4,-12,-4,17,11,-4,2,0,-5,-21,5,1,12,11,-16,6,-14,0,-10,7,-1
6,2,-6,22,4,-11,16,-7,-16,10,-3,2,24,8,-17,2,-1,-18,-12,3,-4,14,6,-17,5,-23,8,-2,9,-19
-3,8,-13,10,-2,-31,14,15,-12,13,-8,-7,-11,23,-17,-11,-1,-20,-9,-4,-4,5,8,-28,5,12,16,5,14,7
4,1,-4,27,-4,-29,26,5,-7,20,-7,-2,7,30,-29,-12,16,-19,-11,-15,-19,9,13,-18,14,9,18,8,28,-11
10,7,4,16,-1,-25,25,-6,-23,10,-3,-12,24,27,-22,-25,16,-16,-21,-5,-18,16,26,-35,20,6,2,-10,16,-32
2,-6,-1,18,17,-20,-4,0,-9,-3,6,-5,20,2,-15,6,9,-10,7,-10,-19,5,5,2,16,2,-8,5,4,-3
-16,9,12,12,7,-13,-7,8,-6,-2,-1,-11,12,-3,-3,21,-14,-7,10,-1,-2,10,8,14,14,-15,-10,4,23,3
-3,-16,9,13,15,-29,9,12,14,11,13,-22,-7,6,-25,-1,20,-1,17,-31,-21,-30,16,-4,20,21,9,17,9,19
20,18,-7,9,-1,-17,7,-29,-21,7,-6,-15,23,21,-2,5,19,-15,-9,1,-5,15,32,-4,16,-3,-8,2,14,-20
14,10,-2,16,3,-16,15,-11,-32,-1,-6,-7,26,29,-2,-9,18,-25,-1,9,-14,22,20,-28,2,3,-10,-3,18,-25
23,19,3,15,5,-20,14,-28,-19,8,2,-18,22,20,-9,-20,25,-20,4,-7,-25,30,26,-11,17,14,3,-18,26,-14
16,20,-2,14,16,-15,14,-18,-27,19,-6,-26,16,22,-12,-10,21,-23,2,-13,-29,21,23,-21,4,8,0,-17,16,-18
17,-3,0,-1,15,-11,13,-7,-21,-10,-10,-2,17,17,-5,4,17,-4,-3,-15,-15,23,12,-16,9,6,-6,-10,11,-22
11,-1,6,11,-1,-24,22,-16,-13,5,-11,-12,19,16,-4,2,21,-12,1,-12,-3,23,22,-22,10,8,-4,-14,23,-20
14,0,-6,12,-5,-21,9,-3,-10,1,4,-21,21,11,-21,7,10,-8,0,-3,-14,7,7,-15,1,12,8,2,17,-14
2,-6,4,-6,-3,1,-6,-2,2,-2,1,-3,-3,-3,-5,0,5,1,5,-7,6,8,-2,6,0,0,-8,0,-4,1
-4,5,4,8,-4,3,-1,1,-8,-5,-2,1,-7,6,2,-4,-3,3,6,-2,-7,-1,-6,8,6,8,8,-2,-8,2
-1,-5,-4,8,-1,8,-4,3,3,8,6,1,0,-1,6,-2,1,-4,5,3,0,1,0,0,-6,-3,-3,3,3,1
3,0,1,-7,1,2,-8,5,1,2,-7,-4,4,0,8,-3,7,1,8,-2,-8,-8,-6,-2,7,-8,1,-3,8,7
-4,2,6,6,-2,-3,0,-6,5,-8,8,-5,8,-2,-7,-2,0,-7,2,0,6,-6,4,-7,8,-5,-3,3,6,2
0,0,-5,3,-8,6,2,-3,1,1,-2,8,-4,-4,0,2,-7,5,4,6,-5,6,-8,8,-8,-4,-7,4,3,5
4,4,-4,4,2,-5,3,2,6,3,-1,8,-8,8,-8,-1,-7,-2,-3,-8,3,6,-6,2,-8,-3,-1,7,6,-1
-5,6,2,-6,-2,6,-8,-4,-1,1,4,6,3,3,-4,0,6,8,5,-7,8,-8,-2,1,-3,-6,-7,8,-1,0
12,4,5,3,-19,-13,6,-11,-10,12,-1,-14,10,8,-10,2,13,-6,-18,11,2,14,10,-16,16,-5,-9,-4,14,-20
-6,-2,5,6,7,1,6,-3,2,8,-3,-3,3,1,-1,6,3,-8,-1,8,-2,-6,4,1,-1,6,-2,-8,-8,5
11,-11,5,23,18,-2,8,-19,-19,8,5,-9,25,27,-9,-2,12,0,-9,1,-10,17,11,-7,12,8,-2,-7,16,-13
22,-8,1,21,4,-31,18,-7,-24,18,-4,-17,26,31,-28,-2,26,-4,-8,-7,-22,20,22,-21,8,8,11,6,17,-24
26,-19,-3,23,15,-35,24,-20,-35,4,-4,-30,28,27,-27,15,22,-9,-1,-5,-9,13,30,-18,10,1,9,-6,14,-25
30,-9,19,39,5,-33,-9,-37,-13,-10,17,-21,4,4,-28,1,29,18,19,-8,-12,3,27,8,-8,31,9,-25,3,12
25,-15,0,37,23,-49,20,-37,-32,19,-2,-42,34,30,-39,9,37,-9,3,-5,-31,5,44,-14,17,23,-5,-12,31,-18
39,-16,21,25,16,-51,-5,-49,-5,12,4,-35,34,23,-35,-1,16,-4,-2,-4,-11,12,31,9,-5,27,9,-9,15,-15
26,-5,8,18,12,-32,-4,-26,-19,-10,4,-23,27,28,-42,16,20,-15,-14,4,-19,9,31,3,14,24,8,8,32,-15
-3,-7,20,26,34,-34,-22,4,-34,15,9,-23,42,-2,-51,36,-9,-15,9,10,-36,11,-5,17,15,2,-1,17,30,-7
15,-14,33,46,20,-9,-17,-26,-24,1,-13,-18,40,21,-61,0,20,-11,-6,9,-41,9,18,23,19,30,-1,-19,18,-12
-14,-7,21,37,28,-5,-25,3,-38,19,-15,-21,48,-2,-29,7,9,-14,0,-6,-45,18,-4,19,21,0,-16,-10,23,-19
2,-14,30,8,-2,-21,-7,-5,-18,-5,-12,-16,13,-5,-34,23,-2,-11,17,-14,-44,18,17,28,39,16,-12,-23,23,-2
3,1,8,34,11,-25,15,4,-44,-5,-18,-11,19,20,-33,26,2,-10,10,5,-22,25,22,3,39,6,-17,-22,20,-33
10,10,-14,33,5,-27,17,1,-43,-14,-16,4,-3,16,-3,21,12,1,12,1,-9,12,62,-11,30,-10,-14,4,12,-11
-10,4,-4,12,-17,-14,14,-5,-39,14,-13,-1,10,5,-5,-1,2,-37,8,4,12,11,11,-10,30,-9,-26,-8,25,-17
33,3,-4,15,-9,-20,-1,-28,-21,17,1,-14,25,21,-22,-14,13,-9,-14,25,-24,39,32,-9,15,21,-13,-24,27,-34
11,0,3,3,-5,-7,5,-11,-2,8,-7,-7,23,9,-13,-8,21,-14,-1,25,-6,32,13,-11,1,16,-2,-22,21,-25
16,12,-17,30,4,-3,6,-21,-12,17,4,-11,21,20,-4,-29,15,-25,-14,17,-3,29,9,-19,7,-1,-4,-14,17,-29
10,-15,-2,18,12,-21,1,-11,-17,15,0,-22,26,12,-22,-4,11,-7,-11,15,-15,11,15,-10,8,3,-10,-8,19,-14
18,-4,0,7,8,-15,-9,-15,-11,16,9,-23,13,11,-6,-13,27,1,-4,3,-8,-4,-5,17,6,25,13,-13,3,-7
20,-10,6,-7,-5,-2,-20,-10,3,6,8,-18,14,-16,5,-11,13,4,-9,-1,7,-1,-12,12,-10,14,16,-19,-6,13
-6,3,-5,-1,2,0,7,-3,-1,7,0,8,6,-8,8,-5,2,-2,-6,3,2,-4,4,8,3,1,-5,3,-6,-7
6,1,-7,-7,-1,7,3,3,7,5,4,-4,7,-5,-8,-4,-1,1,-6,-6,-5,3,-5,6,-8,-1,6,-5,6,5
-3,8,0,-8,8,2,-6,-7,2,-6,3,-2,5,-2,-6,5,4,-5,7,-3,-4,3,-2,4,4,-6,7,-9,3,1
2,-7,8,-4,-7,3,3,6,-1,2,-6,6,-6,-2,3,7,1,7,-6,-9,0,-3,-3,-6,0,8,-6,2,-4,-5
7,2,-8,0,-6,-5,10,-12,-16,-3,-8,-11,14,11,-2,6,8,6,-4,4,-12,11,15,-13,19,9,8,-10,16,-12
-4,-4,0,1,5,5,-5,-4,3,0,2,7,-2,5,7,-6,-2,1,8,2,-1,-4,3,8,2,3,-4,-2,1,5
4,-2,3,3,-3,0,-9,-1,-1,-7,5,6,5,-8,-4,-3,2,-1,7,-3,2,7,0,-3,6,5,4,-6,8,-3
4,14,21,10,-9,1,-4,13,18,-15,12,20,1,-17,-14,1,-10,-4,10,13,-4,0,-4,10,-15,4,3,-3,10,-16
27,7,9,13,4,-18,2,-8,-16,-14,-7,-1,22,20,-17,-12,5,-1,-2,7,-4,22,26,12,3,-1,-14,-7,31,-15
34,-6,13,30,0,-15,-5,-24,-12,-4,8,-20,40,22,-36,-20,2,5,-4,8,-11,19,30,6,-1,23,-12,-9,19,-10
4,16,27,-4,-22,-32,-6,6,-5,-8,17,-4,5,0,-44,6,-11,22,27,-16,-22,5,30,9,-2,47,3,-11,26,-2
18,-17,12,12,-8,-61,1,-11,-33,-4,19,-14,24,29,-46,-2,19,24,18,-13,-20,-8,40,10,-6,22,23,-11,3,-17
22,-18,2,15,-7,-43,-15,-12,-11,-4,28,-7,16,6,-40,-4,-2,12,22,-4,-33,-3,40,22,4,14,6,-35,7,-17
8,-14,31,-17,-3,-49,-13,-11,11,17,20,-4,17,19,-63,3,6,-9,1,10,-13,-12,26,8,-17,32,28,-19,11,-8
16,-18,25,-16,1,-48,-19,6,-7,-9,20,-3,12,15,-56,31,-12,-9,31,-3,-36,-7,24,12,10,27,14,-19,22,-15
3,-27,24,-3,-5,-35,-10,0,-37,-6,17,2,2,19,-61,10,1,-14,28,-7,-62,6,27,1,29,18,5,-16,17,-20
-10,-18,38,-26,-3,-15,-7,11,3,-12,16,-1,-10,10,-42,3,-13,-16,3,7,-20,0,9,1,28,27,19,-18,11,1
-3,-4,26,8,-4,-31,-7,-2,-27,-3,5,-4,-11,19,-31,4,7,-29,13,-3,-35,6,20,2,30,13,12,-29,15,-6
1,-2,33,16,-1,-13,-9,3,-3,-10,-3,-5,-5,6,-2,-17,-2,-36,7,5,-27,3,6,17,26,4,2,-30,-3,15
19,-14,21,-6,-24,-7,3,8,5,-30,-13,-5,-3,9,3,6,6,-25,-1,-16,-23,1,27,13,23,7,-5,-26,4,11
23,-4,12,-3,-23,-25,11,3,-1,-19,-19,9,5,20,7,-4,-6,-12,4,-11,-10,17,23,4,16,-5,-13,-27,3,-5
-6,-3,-5,11,-23,14,19,1,-11,-4,-21,1,-4,13,10,-5,-12,3,14,-16,0,8,16,1,23,13,-8,-34,34,-21
-4,9,3,8,-22,2,13,9,-17,-14,-7,18,4,13,-5,1,-9,-6,16,-12,-10,5,21,-6,19,12,-21,-46,26,-9
-2,-7,-28,-26,-23,34,21,5,-39,-5,-12,-3,4,18,10,-3,22,-7,11,-9,11,7,31,-26,12,-3,-34,-8,1,3
15,-1,-28,-20,-13,15,19,-3,-32,5,-7,-3,3,18,10,2,12,10,-6,4,7,7,22,-32,10,-21,-16,0,-2,-6
3,2,-39,1,13,-2,10,-7,-19,0,18,8,0,22,-25,-18,3,-6,0,-1,6,14,22,-26,-3,-14,-16,-3,2,-8
6,-13,-29,-17,-8,-25,5,-5,-13,5,5,-2,13,14,-17,-22,6,-7,-12,-11,-23,-1,40,-8,26,13,1,-8,27,-16
-15,10,9,5,-16,-11,4,7,0,-20,9,6,-16,-15,0,7,-7,20,22,-23,-6,-26,6,6,12,-5,16,-4,-9,17
3,-7,0,-5,-2,8,-5,-8,8,-2,-7,6,-5,-3,2,5,-5,4,-2,1,-7,4,3,-3,8,-1,4,1,7,-8
-2,-7,-8,0,7,4,-6,-7,6,7,-1,3,-7,-4,6,7,-5,7,-2,8,5,-2,7,-7,5,7,5,8,8,-4
-6,-6,-4,-4,6,-5,1,6,-4,-4,-2,-1,-2,-2,1,-4,5,4,5,-1,1,-5,0,-3,-2,-4,4,1,-1,-5
2,-5,7,-4,-1,-1,-4,0,1,-4,2,1,-1,8,-5,-6,-6,3,-2,-4,-3,-2,3,4,6,3,-4,5,-3,0
-1,7,7,9,-4,3,-7,-6,-5,-6,5,-7,1,-1,-2,3,-7,5,0,-3,8,-4,7,-4,0,0,6,-4,1,-7
0,-6,4,4,8,6,7,-5,1,-6,-8,-1,-5,5,-6,-4,6,-6,-4,-1,-5,-6,4,-8,3,6,-3,7,3,-6
13,1,-2,9,-27,-5,13,4,5,-9,-1,12,-8,1,8,-1,-11,-18,-4,21,0,-23,22,2,-3,17,-5,0,25,-6
-6,12,10,-16,6,-12,-26,-2,5,6,15,2,11,-11,9,-20,-6,25,13,15,-5,-21,10,30,-26,8,10,-10,13,-25
10,-9,21,-6,16,-11,-32,-17,3,-3,19,-12,25,-5,-14,-18,2,15,15,11,-19,7,-6,23,-28,13,0,-17,9,3
5,2,3,-19,-12,-8,2,-8,-6,-6,27,0,6,12,-22,-26,3,-8,14,3,-22,5,16,3,-8,10,-10,-9,12,-1
-5,-1,9,5,-7,-15,-10,0,5,7,15,6,15,3,-11,-9,-8,1,11,1,-34,-6,18,10,-7,8,7,-39,12,-7
-9,-19,16,21,9,-15,-11,-10,9,25,40,-14,5,11,-31,-34,0,-4,30,1,-17,-7,18,7,3,7,11,-11,5,3
-4,-14,18,5,0,-24,-15,0,-1,8,34,-6,1,11,-21,-30,3,13,31,2,-19,-7,22,18,-3,18,9,-29,-3,3
-15,-12,1,-24,-17,-3,-5,14,5,5,17,12,-3,18,-16,-11,-12,-8,19,-5,-6,-21,15,3,-5,7,7,-19,1,0
4,-19,4,-12,3,-6,-7,0,4,-16,35,-4,10,10,4,-3,5,-3,17,3,-10,-17,15,7,-5,15,2,-15,4,2
-17,-13,5,-10,16,0,-22,4,-12,8,15,-2,10,12,-16,5,9,-4,14,14,-12,-3,2,22,5,-3,-2,-17,11,3
-16,-3,20,-12,-5,2,-11,1,-22,-4,27,-2,1,18,-25,5,2,-13,15,3,-19,-6,8,15,12,-5,3,-16,-8,21
-19,0,18,-14,-9,0,-11,12,-8,1,13,10,1,10,-14,-3,11,-9,14,-4,-17,-3,9,12,23,0,4,-15,5,21
-5,2,31,9,-11,18,-13,1,-16,-2,-1,6,-5,13,12,-25,14,-7,23,4,-6,15,5,23,13,-9,-13,-14,-4,21
1,2,26,13,-13,7,11,9,-10,-1,3,-6,-7,29,1,-29,15,-17,8,-10,-14,11,8,9,15,-2,-2,-5,9,32
5,-2,26,10,-24,-8,10,10,-4,-5,12,6,-6,3,0,-15,9,-14,26,-10,-10,7,9,7,11,-19,-5,-12,-10,20
-15,-3,12,9,-20,10,-1,-1,-8,8,0,6,-9,17,13,-21,1,-8,13,-5,-22,7,12,10,-1,0,-4,-8,-6,3
-12,-5,4,-7,-14,18,-1,-1,-9,12,-14,-3,7,14,4,-21,4,1,7,5,-18,6,6,10,-6,-2,-16,0,-6,11
-17,10,-20,-7,-33,38,16,9,-9,-3,-15,8,-11,13,12,-14,4,6,9,-2,3,-13,17,-24,19,10,-29,-2,2,8
-14,1,-11,-14,-36,36,15,-6,-4,5,-21,-8,-2,15,3,-10,4,7,2,5,-3,2,9,-18,18,3,-32,1,0,-1
-5,5,-36,-17,-13,22,27,2,-24,-1,-6,1,14,13,4,-7,-4,10,-5,2,2,4,12,-16,6,-6,-39,0,13,-3
-2,6,-44,-35,-8,37,11,11,-19,-28,-8,30,-8,13,8,-4,-4,3,7,-5,21,-23,22,-20,-7,0,-41,9,-8,20
9,-5,-16,3,1,10,-6,10,-22,-17,-8,4,-3,-1,-4,-11,2,11,11,-7,12,-21,18,-7,10,9,-15,1,-20,17
-8,18,15,6,17,10,-12,14,1,-3,4,10,-13,2,0,-4,-5,15,8,0,8,0,5,6,7,-18,-1,18,-7,24
2,2,-2,2,3,-4,3,-3,6,-8,6,-3,8,6,1,8,-7,-4,-5,6,5,-8,-3,2,-4,7,-7,-5,-2,-6
3,3,0,-8,-6,-8,4,-6,0,5,-8,8,5,2,1,8,-6,2,0,-7,5,7,-4,6,-8,3,6,1,4,-1
3,7,-3,6,-7,-8,4,-3,0,-3,-1,7,-7,3,4,-5,-4,3,-5,2,4,5,-5,-6,-3,8,-8,3,8,8
-2,4,8,-4,7,-6,8,-4,6,9,4,-8,0,4,8,-7,7,-4,-8,3,-4,5,-5,-4,0,-8,6,-5,-1,3
-2,17,5,-28,-20,-23,-16,8,13,-9,7,10,-17,-12,6,3,-7,-7,18,23,-6,-8,16,7,-7,9,5,-5,13,-8
35,-12,-8,10,10,-21,-18,-8,11,6,4,-11,21,-2,-29,-15,-7,22,4,7,-16,7,18,26,-29,10,11,-16,10,-11
-3,7,-7,22,18,3,-22,21,10,-4,-8,5,15,-37,18,-13,-32,19,4,21,-13,-5,-29,27,-11,-4,0,-6,10,-34
-11,6,-5,8,-2,-5,7,-2,-1,16,2,4,16,-9,5,-35,-9,18,-14,20,-31,4,-10,6,4,14,-5,-23,20,-28
-5,0,0,10,8,7,-14,-2,13,4,10,5,6,-5,11,-15,-15,-6,-2,22,-24,-4,-1,21,-10,9,4,-17,3,-8
1,-11,-10,15,4,6,5,-1,6,12,22,-3,-13,1,10,-19,-8,-4,-9,12,-13,-18,5,-1,8,-5,4,-27,-1,-2
-4,-17,-5,12,-3,14,9,3,3,3,18,-1,-4,-10,13,-29,-9,-2,5,8,-9,-20,7,14,-8,-17,8,-22,5,-13
-9,-13,10,-3,2,5,4,-9,5,10,13,2,-7,13,5,-15,2,1,0,-1,-5,-16,12,2,9,-8,15,-27,16,-2
2,-26,2,-10,10,-1,21,11,6,-24,27,4,-10,6,-2,-16,18,-8,4,-11,6,-25,10,11,-3,-2,-1,-8,-7,13
0,-20,-4,-2,1,1,0,0,6,-11,27,5,-2,5,4,-21,7,1,10,10,9,-13,5,12,-13,3,-2,-4,0,5
0,-2,7,2,-6,-16,-6,3,4,-25,33,4,9,20,-23,-26,8,3,5,-2,2,-7,-3,5,9,-10,-7,1,8,3
0,2,13,-2,-10,4,2,7,1,-1,24,2,12,13,-18,-36,14,0,2,3,5,-2,-10,6,9,4,-10,-2,7,9
-6,10,10,-1,4,-13,0,11,-1,-15,18,3,0,13,-9,-26,0,-6,0,7,1,-4,-5,15,4,1,-4,-2,10,10
-3,6,8,3,-6,-9,0,-3,-2,-2,15,-1,5,2,10,-27,5,9,10,-3,2,-3,5,10,5,0,-1,-17,9,24
-3,8,18,6,-28,5,2,0,8,11,11,-3,0,7,4,-27,5,-9,2,-9,-8,-8,13,0,6,-3,1,1,-2,13
-4,-5,12,-9,-24,6,-4,-7,12,13,8,-2,13,17,-6,-29,16,-10,3,-17,-10,10,12,-4,14,3,2,-6,-6,3
6,13,12,4,-21,-1,1,0,11,13,2,7,9,10,-4,-30,3,-15,8,1,-8,13,25,6,11,-6,-14,-8,-11,17
-9,-7,-3,-7,-21,-5,2,2,-5,14,9,2,1,19,-7,-15,-2,3,10,-12,-7,0,13,13,19,10,-3,2,3,16
-2,3,0,-6,-13,-6,9,8,-16,3,-7,-12,16,2,-16,-20,10,16,16,0,-20,4,10,-3,15,1,2,0,-9,-1
-17,-1,2,-12,-8,8,3,-7,-5,9,-13,0,13,2,3,0,-7,21,13,-2,-7,-8,23,7,12,8,-10,-3,12,12
-21,1,3,-20,-7,25,16,-4,-10,1,-30,-2,-2,-1,5,9,6,11,9,5,8,-5,22,1,13,19,-14,1,7,6
1,12,-25,12,12,19,3,-14,-18,12,-27,-2,11,24,-13,-14,17,0,5,18,3,0,13,-11,-5,3,-25,16,-2,-13
4,-3,-26,10,2,14,5,15,1,-14,16,19,-10,13,5,-11,-5,-2,16,0,-8,-27,31,-11,27,5,6,19,-19,18
-4,7,-18,-24,9,-12,11,-5,-14,3,10,-2,14,11,-17,2,15,-8,-1,1,-3,14,28,-11,11,10,-21,2,-6,-7
6,2,-8,-6,3,3,1,6,-1,8,-3,-1,-8,1,-6,2,-5,1,7,-4,-5,-4,7,8,3,3,-2,2,-7,-4
-1,4,6,4,6,3,8,-8,-3,-5,0,6,3,2,-6,-3,2,3,-6,3,-7,-6,6,-8,0,0,5,7,4,1
-5,6,4,-5,-7,6,-2,8,5,5,-5,-3,0,0,6,0,6,6,-6,-5,8,-2,-5,-8,1,-8,-2,3,8,-9
7,6,-5,-5,-11,-4,22,14,18,-11,-12,22,-28,4,22,12,-3,-13,0,23,12,2,4,7,11,-7,-16,0,-8,-12
5,13,9,-2,-4,-9,-23,-8,19,2,-5,3,12,-19,1,8,-20,12,8,18,-16,-5,-7,30,-20,15,19,-10,8,-16
20,4,-1,-17,-13,-2,-17,9,20,-10,-8,7,-6,-10,-3,-19,-9,11,-1,23,-14,-13,26,11,-4,21,5,-10,27,-18
-18,-8,-4,18,-21,28,-1,-12,-6,10,-11,1,-11,-10,22,-31,-4,12,2,9,-18,-15,-6,12,8,8,14,-15,7,-7
-5,-5,-9,9,-12,29,-5,1,21,0,6,2,-18,-12,21,-4,-15,27,9,12,-34,-17,-7,16,-16,3,23,-31,-4,-7
8,-12,-8,7,13,5,9,-8,14,13,-9,0,-6,-4,-4,-9,10,1,-1,6,-16,5,13,12,5,-4,9,-31,-1,-4
2,-7,-6,8,18,5,7,2,8,-8,8,12,-18,-5,17,-12,-5,0,-6,5,-9,-12,12,3,0,-10,6,-32,-1,3
8,-5,9,-1,18,20,5,-11,3,-7,0,2,-2,-4,8,-12,-2,13,2,-5,-13,-19,15,6,-7,-1,9,-33,-1,-5
5,-10,2,-5,-1,6,4,8,9,-2,17,2,-7,1,6,-6,-1,17,10,2,-8,-28,-5,0,-5,-27,12,-28,0,-6
7,-13,12,11,4,-17,11,15,2,-9,13,6,-6,3,13,-5,9,13,8,0,9,-12,1,-7,-9,-5,-5,-12,3,-3
5,-15,2,13,2,-5,14,13,9,-24,14,6,-9,1,2,-20,14,0,10,-1,9,-19,-2,-5,7,-9,-1,-1,20,8
13,1,9,-2,9,-17,8,15,13,-25,26,10,6,-13,-11,-18,13,3,5,-9,-3,-14,0,6,-1,-8,2,-6,17,7
13,-10,10,-11,13,-26,6,13,17,-31,29,5,9,-11,-9,-7,7,6,12,-20,12,-8,5,-3,10,-4,5,8,11,10
11,-3,8,-7,-4,-17,12,17,11,-12,43,11,1,-11,-7,-14,9,10,0,-3,3,1,2,7,8,2,-10,-3,7,7
2,7,15,-2,1,-30,4,3,7,-3,29,11,11,-16,-10,-10,-1,4,8,-15,5,5,4,-2,1,3,-10,-5,-1,-1
2,-3,14,4,9,-8,18,8,7,6,41,16,8,3,6,-10,9,10,-6,0,0,5,8,-4,5,2,-9,6,-10,-8
0,-3,18,-9,-6,-18,8,11,10,17,35,16,10,-14,-8,-3,0,-1,8,-14,3,7,-1,10,5,0,7,-4,-13,-11
3,0,17,-2,-25,-1,11,6,5,5,16,7,7,1,1,-14,0,3,12,-8,2,1,11,-5,14,-14,1,7,-21,4
-4,4,3,0,-22,3,10,12,10,3,6,1,2,-3,2,-18,-4,6,7,-8,17,12,12,-1,21,-17,1,4,-27,2
-8,0,0,2,-9,-1,6,6,-2,6,-4,-3,-12,-8,5,-14,3,10,5,5,3,5,-5,-6,13,-1,19,8,-8,0
-8,6,1,-4,-11,5,3,5,4,-9,-9,-6,2,8,-6,5,-2,-1,10,11,8,0,-8,-11,14,-22,-1,9,-9,-4
-16,18,-13,19,-11,29,-3,4,-10,-6,-18,-10,-1,18,4,1,-5,-6,14,9,-1,-3,3,-13,6,3,-14,-7,10,17
-6,17,-17,10,-9,9,9,5,-33,-24,-8,6,-8,21,7,9,-4,12,24,-7,13,-12,33,-4,26,21,-18,2,14,5
11,2,-34,-11,7,-3,-2,16,-29,-28,12,9,4,31,-7,10,7,-7,22,-10,3,-10,43,-20,18,4,-18,22,-2,4
-8,2,-15,3,-1,3,9,-9,-3,-19,7,1,-3,11,9,16,-4,-9,13,2,6,0,16,-5,22,19,-10,-4,4,0
17,-15,-15,-6,-5,15,-5,-6,-20,5,-1,-11,21,9,-18,0,14,-13,-4,3,-12,21,23,3,-3,11,-13,-11,1,-11
0,-8,2,-3,-6,6,-6,5,4,-1,-8,-6,-7,-5,6,8,-7,3,-4,0,3,1,2,6,0,-4,-3,-2,-4,-5
-17,18,17,-1,-10,-7,-17,-9,16,-8,-8,25,-10,-21,21,-2,-12,21,17,6,-15,-22,19,11,5,19,25,-21,8,17
26,-18,14,24,33,37,1,-11,10,-11,6,-29,-32,20,2,8,14,36,-18,10,0,-27,-9,-8,14,12,24,-18,-12,-10
25,-2,4,11,8,16,-14,7,26,-23,-4,6,-21,-30,6,23,-14,19,-4,16,-9,-9,-7,17,1,4,17,-7,-7,-15
3,-3,1,15,-1,13,-30,-17,17,-1,-4,-3,-13,-4,-9,-5,-3,6,12,22,-10,-15,9,31,-19,25,14,-12,-6,1
-5,4,1,20,-23,32,-6,-16,13,-10,-21,-4,-33,-17,5,-7,-10,16,1,10,-15,-12,8,17,-13,12,5,-17,25,-4
-3,-27,0,0,6,8,-6,-6,22,-5,2,2,-18,-4,2,12,-9,5,3,3,-18,-2,9,8,-7,-3,17,-34,-17,-8
0,-2,4,12,4,13,-4,2,12,17,-14,12,-20,-19,12,-13,-2,9,-1,19,-19,-13,0,-2,11,-7,9,-36,-3,-13
3,-16,8,0,-5,5,8,-2,-8,-7,-2,6,-12,6,12,-5,-1,17,20,-7,-6,-28,19,-2,1,-11,5,-28,-13,5
7,-14,2,4,7,14,22,13,4,0,-2,15,-5,2,13,3,11,14,-6,0,5,-25,18,4,4,-20,9,-14,0,-9
3,-13,6,3,2,-4,11,5,0,7,-6,9,3,0,13,-5,9,21,3,-4,-1,-15,6,-3,7,-19,16,-6,-12,-11
3,-13,14,4,11,-8,23,8,-3,-4,3,2,-1,4,8,-5,7,7,-5,-10,0,-17,6,-12,5,-14,13,2,0,-3
22,-11,4,-11,-1,-17,6,13,9,-13,9,6,6,-11,-7,-10,-1,9,4,-8,-3,4,6,0,11,-22,9,-3,3,-7
8,-11,14,-6,1,-15,11,7,24,-34,11,12,-3,-10,-3,-2,10,12,2,-5,2,9,4,-8,-3,-15,9,18,6,4
6,4,19,-13,5,-28,10,-3,11,-28,26,14,7,-11,-17,-3,6,8,8,-2,15,17,13,-10,9,-4,2,-1,27,-8
10,10,22,-7,13,-15,13,15,6,-7,39,26,16,-5,-2,-5,8,-8,3,-2,-1,8,7,-2,8,1,5,8,-2,-2
3,5,21,-7,15,-19,3,9,4,8,34,17,15,3,11,5,12,6,-2,-13,6,-10,1,-9,8,-3,8,-4,-5,2
5,11,11,-6,-3,-10,17,15,10,24,18,21,0,-6,7,5,-7,6,-7,0,14,3,1,4,5,3,0,-5,-28,2
4,6,14,6,-15,2,8,10,2,11,18,5,11,0,-6,7,4,7,2,0,-4,-2,-4,-7,17,-9,10,-2,-26,-2
4,16,11,2,-23,11,8,10,11,9,11,4,-7,-7,8,-3,-1,7,3,7,9,8,-5,4,17,-13,8,-4,-32,-1
-6,-1,13,10,-12,9,2,11,-2,3,5,11,3,-1,6,6,10,5,6,7,23,16,-11,-7,11,-3,7,4,-16,-3
4,0,14,7,-8,13,2,5,-5,9,9,3,4,3,7,3,15,13,10,2,14,11,-8,-5,-1,-1,15,10,-11,7
-15,6,8,-4,-19,19,1,8,6,6,-13,-12,-6,9,0,6,19,8,10,0,15,11,-2,-9,3,-4,23,6,-10,22
-9,23,-6,9,-27,13,-1,14,0,-9,-11,14,-22,-2,6,14,-2,-2,7,18,13,7,-19,-16,9,-15,7,5,-4,23
7,-14,-10,10,-17,11,-2,8,-10,-20,-11,-6,-21,27,9,-6,11,-15,8,-1,8,-9,25,-31,20,-1,-8,11,12,11
10,14,-42,-21,-6,25,-3,12,-17,-27,-16,4,-12,26,16,-10,26,-30,16,-1,15,-13,27,-25,12,-3,-29,28,6,30
-7,3,-9,-14,2,0,15,6,-11,-10,2,1,-2,16,12,5,2,-21,1,-10,19,3,5,4,28,-10,-14,7,23,-10
5,11,16,11,-5,6,5,9,4,-2,0,3,5,-5,-9,-11,-6,5,10,5,-8,-2,3,-1,-7,12,10,9,-11,19
-5,-1,-6,-3,6,8,0,-1,-9,0,-1,-1,-7,4,10,8,6,8,-3,7,7,6,3,-5,-5,-3,-7,1,0,0
12,-3,5,13,2,12,8,6,9,-5,-11,10,-12,-13,4,18,-4,15,-11,14,-8,-11,-11,-3,19,0,11,-4,-2,-9
9,13,17,12,1,32,8,-6,30,-10,-16,-1,-7,3,22,-3,-4,22,-6,13,6,-15,7,4,3,15,8,-6,-14,5
7,11,5,12,-8,17,-21,3,21,-6,1,11,-9,-7,18,-1,-2,1,6,26,-21,-20,-4,22,0,3,11,-15,7,4
9,4,1,17,9,30,-34,-17,16,5,-5,-5,-11,-10,8,-1,-9,19,8,32,-3,-14,-2,22,-19,7,23,-25,1,4
6,-7,-4,10,-4,24,-6,-17,8,-12,-11,-1,-30,-2,12,6,-5,4,7,14,3,-14,3,21,-2,12,12,-18,-5,-4
11,-14,-7,11,5,26,-10,-1,3,-3,-7,9,-31,3,19,-12,2,19,9,17,0,1,3,7,-2,-2,1,-13,-10,-1
2,-4,-1,19,0,15,-14,15,2,10,-12,3,-5,-3,6,-11,-9,14,9,13,-11,-3,1,-5,0,0,1,-26,-17,0
13,-13,7,12,17,8,18,2,0,3,0,13,-1,2,7,-9,-1,12,-6,4,-2,-14,4,-11,0,-15,12,-22,-19,2
0,-2,-2,0,-5,20,12,1,0,7,-4,8,-4,16,5,-15,1,17,-1,15,-9,-19,2,-11,1,1,5,-13,-7,2
4,-8,-1,9,2,13,2,4,10,4,-4,-1,-4,0,-2,-1,12,19,1,0,-5,-12,7,-5,8,-8,16,-13,-15,1
3,-1,3,5,-6,0,8,-5,3,-6,-14,1,-11,-10,16,-10,3,22,-2,3,7,-9,13,-13,10,-21,8,1,-24,-5
10,3,1,6,-2,3,-1,3,7,-9,-2,-2,-14,-3,-8,-10,-4,24,2,8,-10,7,-6,-12,20,-23,19,23,-4,-4
1,-5,-8,-6,10,-11,-12,4,18,-19,-1,16,-3,2,-5,7,-4,19,5,2,1,10,7,2,13,-18,17,32,-1,10
11,9,10,1,24,-30,-4,14,24,-19,11,15,7,-4,-19,13,2,26,10,-6,21,8,-5,2,8,-11,35,14,18,8
3,18,18,4,14,-14,-2,-1,26,3,13,9,10,-11,-4,10,5,12,-3,6,6,8,-9,-4,6,8,25,4,2,0
8,11,19,2,9,-12,10,21,13,11,36,20,2,3,4,5,-12,-7,6,2,3,-12,2,-5,0,6,25,3,-9,8
2,11,24,-5,0,-6,-6,-1,10,21,19,6,6,0,20,15,-9,7,-4,5,8,-12,-3,9,7,1,16,-3,-21,-3
4,14,14,10,5,8,7,16,11,18,19,20,-5,-3,22,16,0,0,-3,14,7,-15,-13,-3,1,-3,15,3,-37,12
-6,5,20,5,-17,-4,8,-4,11,9,9,4,3,0,14,25,11,2,10,13,6,-3,0,8,12,-14,24,10,-28,12
-10,10,19,10,-32,16,-6,7,12,-11,10,7,-12,3,8,16,2,5,7,8,10,-1,3,0,4,-14,26,3,-13,7
-2,14,5,0,-14,11,5,5,6,-7,14,3,2,10,5,19,-5,-5,0,19,6,21,1,-9,6,-6,12,13,-9,7
-2,2,11,0,-25,7,-7,3,7,-8,5,-3,-17,-3,1,9,-1,5,5,0,-8,8,-4,-20,2,-16,19,-3,-3,7
-3,-17,-4,10,-27,16,-13,13,-8,-2,5,-4,-27,5,10,7,9,22,-1,-3,3,18,-9,-13,9,-17,15,18,-13,30
9,1,-34,-6,-31,21,22,27,-12,-25,0,26,-30,19,22,5,9,-11,9,-4,20,2,-5,-52,21,-12,-16,44,7,38
-11,13,-36,-24,-17,25,10,15,-18,-37,-8,32,-24,12,44,22,12,-14,20,-16,19,-7,2,-36,-5,-16,-25,36,13,32
0,19,-8,12,7,7,-19,23,-22,-20,15,21,-17,1,20,2,-6,12,38,-10,-1,-2,11,-20,5,-17,-3,23,-11,42
1,13,-3,-8,1,-2,-7,18,-14,-7,0,10,-11,0,-6,15,-2,4,12,-15,5,-6,11,-4,-1,4,3,10,-2,3
0,-7,7,-1,-1,4,2,-7,4,7,-5,4,-7,8,-7,-1,2,-6,4,-6,-1,2,-1,3,8,1,2,0,-5,-1
10,-8,18,13,2,7,1,2,10,-6,-15,9,0,-5,17,5,-4,4,-22,11,-10,-7,-16,-7,9,-8,2,-3,6,-12
0,11,6,24,-12,22,-2,-3,9,-1,-37,3,-19,-21,42,18,-9,3,-12,34,2,-3,-14,6,5,0,7,1,20,3
9,6,14,-4,10,17,-13,-1,18,-15,-6,-2,-5,-20,8,18,-18,23,-13,24,-14,-16,-11,10,15,8,27,-5,-4,-13
26,2,-6,11,6,6,-16,-15,20,-8,-11,-3,-1,-17,7,6,-21,16,5,26,-6,-20,8,17,13,9,10,-23,15,-10
18,-7,-13,-1,10,16,-19,1,6,0,-11,3,-5,-1,0,-19,-8,28,0,14,-11,-12,6,9,-5,3,23,-29,-13,5
15,-9,-13,8,6,0,8,8,6,-14,-6,20,-6,6,10,-2,2,6,2,16,-18,2,9,-4,1,-8,3,-17,-25,-2
5,1,-10,4,-5,6,14,6,7,10,1,7,-4,14,8,-14,-13,10,2,-4,-8,2,3,3,7,-14,11,-25,-20,-8
3,0,-5,6,-4,10,15,11,-7,7,-8,13,2,14,16,2,2,21,8,-8,-8,-7,6,-10,7,-15,2,-20,-18,-2
3,-2,-15,-7,-3,14,7,5,0,2,5,17,3,11,-3,-1,-2,24,7,4,-12,-12,5,-8,6,-19,1,-19,-29,-2
-6,3,-17,-2,14,4,10,-5,0,4,-1,3,0,5,-3,8,6,22,-4,-11,-6,-7,-3,-23,17,-22,12,-16,-22,3
-3,-4,-22,-4,1,16,-1,4,-3,-7,-6,5,0,-1,12,2,-6,21,2,-2,3,-7,13,-15,26,-36,12,13,-5,2
1,-10,-24,-5,-1,1,-5,-9,10,-10,2,1,-8,-16,1,21,1,30,-5,11,6,7,13,5,35,-25,19,20,-5,5
-6,7,-49,-4,3,-10,3,-8,23,-22,-4,5,3,-3,2,14,-3,33,-2,6,11,13,-4,4,29,-19,29,30,18,13
12,14,-50,0,20,-18,1,5,16,-22,-11,6,4,-10,-15,28,-16,41,-7,11,-4,2,-4,5,-11,-14,43,21,30,3
2,11,-7,2,17,-19,-3,14,25,1,-8,15,21,0,8,23,-12,15,-1,1,6,3,-6,19,-11,8,31,1,6,-4
-5,14,21,-2,18,-5,2,0,16,20,5,6,1,-4,6,36,-4,1,-6,10,-14,-12,-5,12,-22,2,37,3,-16,-7
-1,6,19,8,14,9,8,6,17,18,13,12,-1,-1,11,27,-11,5,-2,13,-14,-22,-5,6,-28,2,21,0,-17,0
-2,1,21,1,0,-2,4,-1,18,5,11,-3,-3,-10,9,31,2,-5,-1,16,-4,-20,-1,6,-9,-8,22,6,-21,13
15,8,12,7,-9,-1,3,0,20,-3,8,9,-2,0,6,16,5,-4,-1,28,-11,-15,-14,11,-16,-9,11,-9,-21,16
6,8,5,11,-23,15,-10,-2,20,-7,7,5,-5,3,0,17,11,-8,-6,32,-9,-11,-1,3,-23,-8,7,5,6,14
7,-3,-1,8,-30,15,-15,-4,4,-9,5,2,-1,2,14,17,0,-5,2,22,-3,1,-12,-18,-17,-8,7,19,8,14
11,15,13,-9,-16,7,-25,15,10,-6,11,6,0,-15,19,10,-10,-8,14,0,-5,11,8,-5,-4,-13,20,-7,3,20
17,1,-9,-6,-29,17,-7,10,-5,-18,10,-1,-7,3,19,-9,13,-13,2,-2,3,-3,2,-22,-3,-20,14,21,4,34
0,1,-25,-4,-20,2,24,38,-22,-5,8,15,-25,13,25,20,16,-16,19,-11,20,14,-12,-52,4,-8,1,55,13,22
15,-21,-40,14,-14,20,-5,51,-32,-34,15,39,-22,5,22,7,-6,-13,25,-15,17,1,14,-25,6,-27,-3,28,0,41
4,-2,-21,10,10,31,-18,24,-23,-17,9,10,-13,-1,6,-2,1,11,9,9,-7,-5,-10,-17,13,11,-15,3,6,8
20,-20,5,1,17,12,3,-8,-8,-9,-13,19,-11,-10,24,19,-21,20,-19,21,10,-23,-13,1,8,-5,27,-17,20,-13
4,6,6,5,0,-7,-8,7,6,6,-9,-3,-2,2,1,7,5,-3,-14,4,-3,-5,-7,4,6,3,-6,-1,-1,-8
-7,-1,0,18,19,5,14,6,-18,11,-1,-5,-2,-8,7,9,-12,2,-11,8,-11,1,-12,-8,12,0,3,2,0,-3
-19,1,3,12,3,19,4,3,19,6,-25,-7,-18,8,13,-6,7,10,-26,13,-3,-18,-16,-15,-1,8,24,15,12,5
1,21,9,-6,-10,0,-36,5,27,-26,1,17,-16,-29,-13,13,-17,14,17,11,-20,-28,14,32,11,-9,14,-14,29,9
7,14,-19,12,6,1,-19,15,-6,-1,-21,0,-12,-8,1,-5,2,13,-2,20,-25,-10,10,-1,6,-23,4,-2,-7,3
24,-19,-9,-4,2,7,-3,-5,21,2,-5,-9,-7,9,-7,-17,4,32,-9,-7,-20,-14,2,-10,5,-5,9,-16,-32,-8
19,-24,-2,-3,10,1,8,3,11,-13,0,14,3,9,-13,-12,0,25,-1,-22,-17,-8,2,-19,0,-19,8,-29,-29,-6
14,-5,-29,-5,4,1,6,6,9,5,-3,11,-7,9,4,-12,-11,5,5,-7,-7,-15,9,-6,10,-13,-3,-14,-13,6
7,-18,-18,2,4,18,7,6,-6,14,-2,7,1,4,12,-5,2,18,5,-7,6,6,3,-20,2,-16,1,-16,-20,-7
8,-13,-36,1,4,23,7,13,-10,10,-5,7,-2,4,6,2,15,9,-4,-4,4,-5,8,-17,25,-14,4,-14,-19,4
0,-23,-29,9,6,17,10,7,1,-2,-5,2,1,11,-2,5,5,7,-2,-5,13,-7,9,-2,23,-33,13,-2,-14,15
-6,-13,-42,-2,5,8,1,0,3,11,-3,0,-4,-10,0,12,5,4,1,-3,4,-4,-4,1,38,-21,5,13,-9,17
-6,-10,-48,-3,7,5,-2,2,14,-15,-8,2,-12,-14,-7,21,1,9,7,3,10,0,-9,-4,31,-20,10,24,6,20
-5,16,-61,7,20,-8,1,15,8,-31,-17,17,4,-5,-27,27,-10,16,0,18,-7,13,-7,10,13,-4,29,32,30,-2
-8,18,-42,7,20,-30,0,25,2,-10,-11,9,0,-20,-27,30,-6,20,-3,13,-10,16,-12,15,-17,0,33,29,25,1
-16,11,-4,-8,23,3,6,8,0,16,-27,17,10,-18,-6,29,-13,10,-1,-1,-20,9,-14,7,-32,13,28,9,0,-7
2,17,24,-2,23,8,9,17,8,17,-9,9,-3,-15,13,23,-17,-1,-12,-1,-29,-14,5,8,-35,5,25,-2,-6,-7
-11,13,26,5,11,0,4,-4,8,24,-3,-1,-11,-15,11,13,-14,2,-10,8,-20,-21,-7,16,-31,-1,13,2,-6,0
-1,3,8,6,15,6,3,3,18,3,13,4,-4,1,-1,16,0,-15,-8,21,-19,-12,-8,13,-19,-1,2,4,6,4
8,-2,11,3,-1,19,-13,-3,18,-6,17,0,-4,-2,-4,18,4,-20,-2,18,-14,-10,-19,8,-30,-9,-1,-6,2,4
16,7,7,1,-35,5,1,7,23,-19,13,3,-1,-5,4,19,1,-18,-8,20,-20,-20,-15,-13,-14,-20,11,-9,7,6
3,8,3,9,-32,3,-4,10,6,-10,5,10,-10,-3,1,18,0,-7,-5,10,-8,-12,-8,-15,-32,5,8,3,6,11
19,12,8,0,-26,2,-6,9,26,7,19,-5,-5,-3,-4,-2,-3,-22,-3,8,-16,8,-6,-16,-22,-3,26,1,13,5
24,19,-17,4,-29,-25,2,35,-7,-11,25,11,-17,11,-9,21,-7,-27,3,-5,-20,-5,4,-29,-18,-29,8,12,8,10
-6,-8,-28,6,-16,-25,17,23,-27,-2,3,8,-17,25,-6,30,15,-18,13,-25,-12,-21,17,-56,-14,-7,5,32,9,24
-15,-19,-19,-13,-10,-2,13,14,-22,-33,-4,25,-16,-19,34,27,-22,9,23,-26,16,-13,3,-18,7,5,-11,5,17,14
3,-12,-11,-3,1,-10,-7,23,-47,-28,1,19,-19,-24,-7,26,-10,35,19,-20,-2,-25,5,-7,12,6,6,-9,16,4
0,16,5,6,14,5,-2,17,-12,-15,8,7,-2,-4,16,0,-13,7,11,8,-8,-15,-6,-4,0,4,16,4,-5,18
12,-5,-5,11,-3,6,3,-1,-2,-2,-5,-1,-2,2,4,2,5,7,-17,5,-3,0,-16,-2,2,-4,11,-3,7,-2
12,-17,7,-1,16,6,3,7,0,-2,-7,8,-6,0,5,6,-13,3,-14,8,-2,-6,-1,-2,19,-8,14,-10,10,-19
1,-6,-7,9,10,16,-2,22,-3,10,-21,12,-33,-19,11,25,-16,14,-24,24,-10,-18,-29,-4,19,4,7,-5,27,-15
24,9,-26,7,12,3,-19,4,14,11,-8,3,-3,-8,10,-12,-6,-22,-16,19,-17,-14,-2,26,-2,1,-6,-18,2,3
13,-4,-13,15,10,-10,-12,14,-16,-17,-14,4,-6,-12,-12,2,-12,6,15,-3,-36,-11,11,-8,12,-20,6,-24,12,-4
26,-21,-30,1,2,10,-4,-1,-1,0,-7,-3,12,15,12,-19,10,11,-9,-8,-17,-6,11,-14,-2,-6,-12,-14,-1,7
14,-14,-13,5,8,15,15,9,-1,-1,-7,8,-4,5,14,-6,10,7,4,-16,2,-11,-8,-33,19,-14,-4,-5,-16,11
7,-12,-33,16,10,14,7,5,8,5,8,10,0,13,8,-12,3,4,-12,-2,-5,-5,-4,-30,7,-9,2,-5,-15,1
12,-14,-31,7,4,14,8,1,-1,-2,4,1,-4,10,10,-6,7,-5,6,-11,14,-4,0,-19,7,-14,2,-14,1,6
11,-24,-43,7,-2,17,14,3,2,9,-3,6,2,14,18,-9,13,1,-2,3,6,3,-3,-15,7,-23,3,-20,-2,19
15,-27,-36,7,10,28,3,6,7,9,-10,6,0,6,17,-3,7,-16,-2,11,12,7,-15,5,26,-34,-1,-6,8,5
16,-27,-30,5,9,10,-3,3,6,-13,-3,9,-3,-8,19,9,7,-24,5,13,9,3,4,5,25,-18,-5,13,13,6
11,-8,-40,-5,9,25,-6,14,8,-18,-10,2,-2,-4,8,19,3,-38,-2,16,2,0,1,5,13,5,-6,23,32,13
-13,18,-40,-10,12,-28,2,32,-14,-27,3,7,0,-16,-9,10,-17,-21,17,5,-14,3,4,9,-8,14,-2,27,27,-12
-1,29,-34,-8,27,-14,4,38,-19,1,-12,19,2,-26,-5,14,-1,-11,6,9,-18,12,4,19,-39,19,-7,3,16,-18
-2,6,-5,-4,25,8,5,21,0,14,-23,24,10,-21,5,13,-8,-6,2,4,-4,-4,5,11,-28,12,-12,2,-3,-15
14,8,-3,6,17,10,8,10,-4,15,-20,7,12,-7,18,3,-5,-14,-5,6,-1,5,3,10,-12,5,-27,-6,-15,-12
6,3,7,-8,16,-4,6,9,8,6,5,16,-6,-15,0,-7,-13,-15,-7,0,-5,-19,-2,9,-2,-7,-14,-14,2,-10
8,6,5,-4,19,6,11,3,12,-5,5,10,-2,-14,-9,5,-6,-14,-7,3,-15,0,-12,20,-2,-11,-7,-7,-4,3
18,-1,9,8,3,1,-10,-7,20,-11,12,-8,0,-4,-11,8,5,-6,-1,14,-22,-5,-10,2,-7,-7,-15,-13,10,8
23,2,12,3,-13,3,3,6,30,-10,15,-3,5,0,-8,10,8,-16,-16,14,-23,4,-16,-13,-24,2,-2,-23,-1,0
19,-2,1,0,-13,-16,2,13,15,-3,6,-11,-3,3,-5,7,1,-24,-21,2,-21,-4,-11,-36,-23,-13,5,3,4,-10
24,2,20,1,-19,-13,-16,13,13,9,3,4,-19,-10,-2,4,-7,-11,-26,13,-18,-7,-26,-32,-25,4,23,4,-10,2
8,8,-7,10,-35,-32,4,27,-3,-5,6,0,-10,19,-11,4,10,-21,-24,-16,-30,-6,-23,-31,-20,-20,10,27,3,-4
-1,11,-21,16,-47,-25,-8,26,-30,-12,8,18,-3,37,6,14,17,-23,-10,-30,-6,-9,11,-12,-12,-9,-9,38,-16,18
-10,-4,7,-14,-22,-8,-16,19,-18,-5,11,21,-16,-6,0,25,-4,6,19,-30,-1,-29,13,4,-15,-11,-12,15,-14,17
-16,14,1,-12,-7,-15,1,41,-28,-29,10,36,-26,-6,36,15,-36,-4,16,-18,1,-17,14,-1,0,-25,-5,22,-15,12
10,0,-2,10,5,0,-8,-3,-2,8,2,-2,11,6,-2,-5,-2,2,-17,-1,-4,5,-3,1,12,5,-16,6,8,-8
0,-14,4,-4,-1,-4,13,2,-5,1,2,-9,-4,-2,1,1,4,-3,-6,-3,5,-6,-13,-9,6,3,8,-2,2,-13
-10,-7,-12,1,5,18,7,1,-8,11,-4,2,-7,12,15,-2,-5,5,-10,10,-8,-11,-16,-10,5,1,1,3,7,4
-5,2,-18,-4,19,9,8,4,12,3,-4,5,-9,6,10,16,1,-8,-20,12,-1,-5,-5,3,9,13,4,-13,14,-3
14,-1,-16,19,23,4,-9,27,-4,6,-13,15,-8,-6,-6,-11,-11,-15,1,28,-22,-12,-20,1,-6,-9,-28,7,-2,3
18,3,-36,9,15,-10,5,19,-8,-11,-7,6,5,-18,-6,0,-13,-9,-2,-15,-15,2,7,-25,10,-42,-20,-9,1,4
15,-23,-25,10,6,-1,-4,7,7,-7,-12,7,12,1,-5,-6,11,-18,-5,-10,-15,-3,2,-28,-3,-10,-24,-20,10,2
-4,-7,-24,7,-4,-3,19,7,7,-6,-16,8,5,12,11,-7,8,-27,-11,-20,1,-3,-9,-41,11,-20,-10,5,-14,-3
7,-1,-36,12,6,7,2,5,2,1,-14,1,3,12,18,0,3,-23,3,-2,2,1,-5,-19,4,-11,-18,5,13,18
2,-11,-27,19,4,23,10,7,2,2,2,-7,0,-8,16,-11,4,-22,3,-4,15,8,-10,-16,9,-12,-19,-11,18,0
10,-24,-33,11,4,17,4,0,11,12,-9,8,-4,7,9,-1,6,-37,4,4,12,7,-4,1,12,-16,-8,-5,17,4
-1,-16,-13,-4,-15,26,6,-8,-5,13,4,8,-9,3,16,-2,-1,-42,9,11,14,10,14,3,19,1,-7,-4,29,9
4,-1,-12,-2,-4,27,10,16,4,-1,-4,10,-15,6,21,2,13,-52,1,15,17,12,1,8,5,17,-12,15,26,10
3,22,-7,-16,-3,19,-10,19,-2,-18,-15,5,-12,-7,9,-5,-1,-57,11,19,2,4,6,14,-13,37,-17,15,34,13
-11,36,-21,-31,3,-20,7,26,-13,-7,-4,11,12,2,-8,-7,-6,-54,10,9,1,3,-1,11,-24,42,-18,19,21,12
-3,25,-19,-18,29,-19,-2,24,-14,-2,-10,13,9,-25,5,10,-17,-6,11,-2,-2,6,7,23,-30,16,-21,14,0,-16
-1,20,7,1,19,-11,3,17,-9,6,-3,26,4,-26,18,9,-12,-2,-2,5,2,13,4,15,-23,-8,-31,4,-15,-6
15,15,1,-7,20,9,2,1,2,14,-10,16,1,-9,18,-15,-7,0,-9,14,2,0,1,23,-5,-8,-27,-4,-13,-7
7,7,-1,-12,26,-5,0,0,2,0,-1,11,-2,3,-4,-17,-4,-4,-3,6,5,9,5,8,-5,-10,-20,-1,-7,-6
-3,-4,3,-1,29,-2,9,4,7,-7,-7,9,1,-7,-5,-15,-9,-11,1,7,-2,-1,-20,4,0,-10,-12,-14,10,-3
6,-2,-3,-10,10,6,7,-7,16,-18,25,-4,10,-9,-7,-12,7,-16,-3,-1,-12,-11,-8,-9,-18,4,-10,-7,0,15
10,-14,4,-9,-11,-10,5,3,18,-16,18,9,15,-8,-11,-23,2,-5,-10,5,-9,7,-4,-24,-5,-1,-9,1,-15,10
13,-10,11,-9,-29,-9,-5,11,-1,-2,5,-1,7,7,3,-18,3,-19,-12,5,-18,3,-18,-32,-12,4,-10,9,-10,3
27,-11,-6,-7,-17,-15,5,6,3,0,7,-28,-5,10,8,-23,18,-14,-41,15,-12,-10,-20,-32,-20,5,10,16,-4,-6
22,-1,-15,-9,-17,-32,8,3,-1,1,-6,-19,21,28,-1,-33,18,-26,-53,8,-7,-3,-10,-10,-8,-14,3,33,-11,-9
12,-2,-16,13,-15,-18,-12,1,-22,26,0,-23,10,35,-3,-17,30,-21,-51,4,-2,-17,4,9,-3,-3,3,26,-12,2
-12,-8,-8,-17,-40,-15,-14,-2,-15,3,13,3,-15,-21,-3,32,-12,22,-3,-27,-19,-40,-5,15,-11,0,16,-7,-10,17
-10,-4,-11,-24,2,-11,-3,29,-15,-38,6,27,-38,-29,-12,32,-21,33,14,-22,-21,-27,1,10,-4,0,7,-16,-28,12
10,-8,-6,20,3,-3,-4,-7,-11,6,-8,1,2,9,3,7,0,-7,-16,-4,5,9,-4,7,-2,1,-11,0,11,3
-8,8,0,-7,-3,-5,7,-3,6,-7,-8,-2,-4,2,0,9,-2,7,3,-4,0,-1,-3,-6,-3,5,2,3,0,-6
2,16,-16,5,9,8,15,-11,-12,15,4,-7,5,2,10,-8,6,2,-7,9,-2,-3,2,-16,10,10,-1,-7,8,9
13,-18,-4,20,26,11,14,28,-13,-6,-7,12,-19,6,7,19,-22,5,-21,19,-21,-2,-25,-22,19,7,6,-3,20,-15
12,-15,-6,10,16,-10,11,15,-7,-8,8,18,-18,-25,-13,-2,-5,-27,0,-1,-14,-17,-18,2,-7,-19,-26,3,12,0
13,4,0,-4,18,2,23,13,8,-19,-8,8,4,-16,18,-5,-5,-54,-8,-15,-7,1,-19,-16,-6,-19,-34,-21,0,-3
10,-10,-25,18,-11,-1,15,22,-6,-7,-13,7,7,-2,17,1,-2,-41,-18,-6,-14,-1,-4,-33,8,-10,-30,-7,20,-9
9,-17,-17,3,-10,7,11,11,14,12,-3,-12,10,15,20,9,5,-42,-7,-10,4,-1,-2,-26,9,-7,-19,2,12,1
8,-7,-17,4,-5,3,25,8,10,4,-10,1,8,12,29,3,-1,-61,-9,3,22,6,-23,-27,7,-3,-23,-5,10,-4
7,-17,-9,5,-12,9,13,5,5,3,-8,7,5,9,6,-7,16,-55,6,1,21,4,-2,-3,0,3,-5,-8,16,6
5,-14,-3,2,-9,10,10,1,12,7,6,8,3,26,18,-1,20,-54,6,15,8,10,4,0,6,-5,1,4,33,9
7,-6,3,0,-3,23,13,-1,10,9,1,14,-2,22,24,3,17,-46,-16,11,9,11,8,4,8,14,-1,2,19,8
0,12,-3,-15,-1,7,8,4,3,-3,-8,7,-15,11,21,3,17,-47,-12,9,7,8,12,5,3,35,-6,6,19,20
-10,21,-8,-29,3,9,-12,14,-11,-13,-12,7,5,1,8,2,12,-38,16,-6,4,-2,20,19,-8,41,-13,23,5,24
-3,22,-7,-28,10,-24,-17,7,-13,-17,-8,8,19,1,-3,3,3,-7,2,-2,1,2,22,15,-14,20,-13,6,0,20
1,11,-4,-18,13,-10,-15,5,-15,1,0,10,10,5,4,2,-10,24,3,6,5,11,10,26,-24,-3,-15,9,-4,-5
21,14,-1,-5,20,-3,-17,12,-8,8,-2,4,20,-4,16,-11,-6,1,2,12,17,13,14,7,-23,-5,-32,11,-16,-7
27,4,-1,-9,24,2,-2,8,-2,-4,3,22,16,-2,6,-3,-12,1,-16,9,26,7,2,9,-11,0,-12,-2,-8,-10
0,5,1,-7,11,0,-5,3,19,-2,-10,9,19,-3,-1,-10,-3,7,-2,19,11,4,-7,11,-5,-6,-8,-4,-5,-11
9,6,0,-8,15,10,0,-1,12,-7,2,18,11,-3,-5,-11,6,1,2,10,17,0,-7,-13,-3,0,-3,-16,-2,6
7,0,-3,-7,-1,10,5,3,18,-21,3,5,12,2,-6,-19,10,-2,-7,7,-10,-5,6,-23,-1,-5,-7,-4,-8,6
18,-16,-2,-20,-19,6,3,-1,12,-11,14,-6,-3,1,20,-29,7,-6,-8,18,11,6,-3,-12,-5,-1,-9,6,-6,1
11,-8,3,-13,-36,-9,12,-3,-3,4,-8,-13,10,-4,4,-39,10,-2,-32,17,-12,10,-3,-28,-3,-9,-1,6,-5,-10
19,-26,-6,-11,-20,-4,8,13,-4,0,-4,-13,17,21,7,-27,22,-8,-23,4,-13,-2,4,-6,1,-3,-7,19,-5,-5
17,-24,-5,12,-2,-28,9,-3,2,12,-1,-25,13,38,-25,-43,23,1,-38,11,-18,-1,-4,6,5,13,1,15,6,-4
25,-15,-23,23,13,-29,2,-3,3,7,-13,-20,1,19,-14,-24,18,22,-31,-11,-14,-25,-2,17,12,14,17,2,-2,-6
-1,-16,0,15,1,-16,-26,-17,16,16,-1,-9,-9,-1,-9,-2,12,22,-37,-21,-39,-32,-13,30,2,17,0,6,-13,28
-18,-14,-3,3,-1,7,-22,-21,7,8,-6,-15,-22,-23,2,-2,29,19,7,-4,-5,-17,-3,37,-11,8,-3,13,-25,31
26,-1,-7,-1,17,-17,-15,-26,21,-15,-3,-13,2,-20,-14,13,21,18,6,-22,-12,-16,16,9,-14,32,13,-17,-25,23
8,8,-7,-3,-3,-1,-8,1,4,3,2,-6,3,8,5,-7,-7,7,-3,6,-6,-8,-7,8,-2,7,-2,6,3,-2
0,-4,-1,-1,-3,1,11,2,0,-13,8,3,-3,0,-5,3,-11,0,-3,4,-3,-9,-1,1,5,-9,-5,-1,12,2
3,-15,1,20,5,15,14,1,-14,5,-11,-3,-9,-5,21,-6,6,23,-22,22,4,-1,-20,-2,20,1,18,-3,7,-12
10,15,9,20,32,-19,-2,19,7,-10,14,6,14,-14,-12,30,-5,-40,-6,-7,-15,0,2,13,0,14,-7,-9,17,-9
-1,-16,-12,11,-12,17,16,4,11,-5,-13,17,1,-5,16,16,-6,-52,-21,-8,-10,-18,-26,-24,-11,3,-29,-15,-24,-3
1,-18,-1,7,-7,15,21,2,10,22,-20,-12,4,13,10,3,8,-69,-25,1,0,-2,-12,-15,-2,18,-14,-12,14,8
11,-21,-5,18,-11,3,7,1,13,10,-9,-11,15,4,6,4,2,-74,-5,4,6,-5,-11,-7,5,22,-6,0,13,5
3,-41,8,12,-16,-5,18,-5,13,11,1,-8,18,11,1,3,20,-50,-9,2,18,-10,-24,-8,-2,16,-6,10,8,11
-7,-7,11,-2,-6,-1,8,-3,3,9,-8,-10,1,7,7,5,-1,-55,9,2,9,-4,-15,4,-6,9,3,0,9,5
-1,-10,9,-13,-6,-4,7,7,6,9,-15,-3,2,20,23,7,9,-41,-10,5,8,-3,-1,12,0,31,4,6,10,0
19,5,5,-12,-8,-2,3,14,-15,0,-12,9,-5,20,19,14,4,-32,-12,13,14,1,13,-9,11,32,1,-5,0,17
3,11,1,-29,2,2,-4,-6,-13,-6,-7,-3,0,23,10,15,13,-25,-13,13,6,13,13,-11,-11,31,-4,-6,9,20
1,28,3,-26,-9,0,-7,6,-5,-6,-6,12,11,8,14,0,8,-7,-4,10,5,6,6,6,-22,31,-11,8,-3,20
9,15,-3,-9,11,-5,-10,12,-18,-6,1,8,10,16,5,1,3,11,13,-7,7,26,19,10,-28,13,1,10,-17,4
4,17,2,0,9,-1,-13,3,-8,8,-5,7,15,-8,24,7,0,19,16,14,2,15,12,13,-20,9,-8,2,-5,3
16,20,0,1,15,-10,-13,-4,-6,12,0,6,18,4,27,4,0,4,3,13,-1,5,16,17,-7,3,-3,-2,-19,-9
12,-3,-9,-1,19,3,-12,-8,-5,6,-9,10,23,2,28,16,2,-2,1,14,17,9,9,6,-5,12,-21,4,-7,-14
13,2,-1,-3,16,9,-9,6,15,-3,-4,16,-1,0,12,-3,5,0,0,25,19,-18,-2,-4,-16,2,-5,-7,-14,1
7,-1,-6,-1,13,6,7,-7,15,-19,-7,3,-6,-10,-7,0,10,5,-12,6,22,-2,-3,-1,-12,-4,-9,-14,-4,-6
20,-24,1,9,-8,11,7,6,20,-6,2,6,11,-6,14,-11,0,5,-24,27,1,-10,0,-10,-4,12,-1,-10,-14,-8
4,-18,-10,-11,-41,-8,16,2,17,-4,-7,-7,1,-3,6,-4,9,11,-25,3,-4,-14,5,-5,4,2,-8,-5,3,-4
10,-10,8,-14,-25,-12,5,12,12,-2,3,-5,0,6,10,-22,-1,2,-30,9,-24,-23,-2,2,-15,10,3,10,11,-14
0,-16,-4,-13,-22,-19,22,5,5,6,-10,-18,-6,9,10,-13,16,-2,-39,-5,-1,-22,6,-4,11,22,-6,-6,15,-12
9,-30,-10,4,5,-20,9,10,12,-3,-8,2,-3,8,0,-3,-10,-1,-36,-3,-14,-19,-11,2,16,29,8,-14,29,-20
-27,-13,5,18,-1,-26,24,22,9,32,-5,-5,-13,14,-10,-15,-3,-1,-29,-29,-3,-13,-9,6,32,32,23,23,26,18
4,-9,-7,-2,33,3,-9,-13,3,21,-10,-17,7,9,-20,-9,19,-5,-14,-19,-22,-15,7,23,1,2,5,11,-9,18
8,-26,19,0,26,-21,-23,-25,32,-17,1,-31,5,-15,-15,17,13,32,-2,-19,-16,-19,20,22,-12,36,23,-10,-18,15
2,-6,-8,-7,-1,-3,-6,5,6,1,-4,-3,0,8,2,5,-1,0,-7,4,0,1,-5,-2,6,1,7,6,-2,0
5,-6,6,-3,-5,5,-6,-7,-4,-2,-3,0,4,5,-2,-5,2,6,7,-8,-3,1,4,-8,-8,3,1,-8,-2,-2
-5,8,16,5,0,-12,-2,8,16,-1,-16,11,-17,-15,2,-4,-18,-12,14,9,15,-3,3,3,4,0,-9,-1,6,-10
-13,15,3,2,-3,22,-24,22,15,5,-16,5,-18,-2,29,-10,-12,-21,4,31,-1,-13,-9,11,18,5,12,1,-2,-12
-4,-19,-17,25,2,13,9,-16,-6,7,-7,-9,-8,-12,16,13,20,-23,-12,-5,-16,-13,-16,-11,-10,37,-25,16,-6,6
-18,-8,3,-6,3,3,12,2,25,4,-7,13,-14,-16,-8,28,-6,-45,-26,-26,-9,-17,-13,1,-13,25,-7,-14,-7,17
-13,-12,22,19,-30,0,20,7,19,7,-9,-3,-4,5,-4,28,-2,-49,-16,-12,-12,-31,-12,11,4,33,7,-23,16,2
11,-27,15,4,-32,14,3,9,9,-8,3,-2,10,-5,-1,26,-4,-32,-6,-17,15,-24,-3,8,2,28,1,-12,16,1
-11,-26,11,-5,-19,-10,10,11,17,4,-2,0,3,7,-4,5,10,-33,1,0,9,-19,-26,-2,8,20,1,-3,3,-3
3,-18,4,-16,-20,4,8,-4,1,11,0,-10,18,16,5,11,5,-23,-3,7,6,-6,-23,1,6,10,-8,9,5,9
2,-20,5,-16,-12,-7,5,7,-7,11,-4,-6,5,13,19,1,8,-14,1,15,14,6,-15,-5,-3,21,5,5,-1,8
6,-8,11,-22,-11,-1,3,5,-12,-4,-3,-8,2,19,13,16,7,-4,-13,9,10,-3,-5,-13,-1,29,0,10,-5,7
5,12,6,-26,-1,-23,1,-4,-6,-8,-7,-10,7,33,16,1,9,5,-13,12,10,9,13,-11,-21,23,-10,3,-5,13
6,19,-1,-27,-14,-11,-5,-4,-5,-7,-10,-2,3,29,20,2,0,15,0,5,-7,7,12,1,-20,23,-8,10,-9,10
13,13,-9,4,16,-18,-22,-5,-8,1,2,1,17,19,6,4,2,32,26,6,-5,17,11,15,-26,5,-6,12,-16,4
16,19,1,13,9,-3,-17,-3,-15,10,-2,4,20,12,16,-3,5,3,18,6,2,23,0,18,-20,4,-8,4,-9,6
17,15,-6,9,14,10,-17,-1,13,11,-4,6,10,-2,22,7,3,3,1,6,13,-3,6,7,-4,9,-13,-2,-8,1
14,5,1,-1,13,6,-13,-6,-1,4,-13,11,20,-5,14,-1,8,-2,4,11,30,2,4,13,-20,11,-15,2,-18,8
8,2,-6,-4,13,17,-9,-6,12,-2,-6,5,-2,-9,8,3,6,-11,-12,12,14,-6,-2,-10,-19,23,-19,-7,0,0
9,-9,-5,-2,-2,9,6,20,6,-18,-5,8,-8,-9,4,-2,-2,2,-22,13,15,-4,-2,-11,-12,12,-4,-3,1,-4
16,0,-22,-10,-26,10,8,-3,14,-8,-17,5,-7,1,-4,-11,9,8,-11,2,-7,-19,10,-7,-6,14,-5,-13,2,-6
17,6,-11,-3,-24,-7,6,5,21,0,0,10,-3,0,-6,-19,2,4,-16,12,7,-18,-2,-4,2,7,-3,-4,-6,-19
15,-12,-5,-6,-17,-4,11,3,17,-3,-12,-7,-4,-3,8,-6,-9,5,-27,1,-4,-18,3,5,-1,12,-7,-12,11,-18
15,-12,-13,1,-9,14,6,11,20,2,-9,4,-5,-1,18,-20,-2,4,-31,10,-10,-24,-6,14,-7,16,7,-9,7,-14
-9,-10,-11,9,-9,-10,13,17,15,12,-15,11,-18,5,16,-18,-11,2,-29,-1,9,-16,-10,5,16,24,8,-15,29,-1
-9,-24,-1,12,8,-35,5,12,6,-1,0,-12,-30,8,-38,-19,-1,18,-1,-40,-11,-17,9,12,19,34,30,7,23,4
-4,-11,-23,-10,32,-29,-6,-28,-3,26,-19,-40,18,37,-31,-16,46,4,-14,-20,-26,-10,18,17,-1,12,1,31,9,11
-6,-15,14,-9,20,18,-26,-28,32,6,2,-21,6,-11,-10,-8,23,22,17,-6,-8,-17,9,27,-22,35,8,-8,-22,25
10,-9,13,-6,11,-11,0,-16,5,2,12,-16,6,-11,-6,2,9,16,6,-14,-1,-4,11,15,0,1,1,5,-21,17
2,5,-4,-5,-3,-2,7,2,-1,5,5,-5,5,5,1,7,1,-5,2,6,-7,8,3,5,-3,-4,8,8,-5,-3
-1,-2,6,8,7,3,5,0,3,2,7,-8,7,-2,4,-3,1,-1,5,-7,7,6,-5,6,-2,-2,5,-3,2,-1
-2,23,21,-7,-3,-17,-23,8,18,-5,8,16,-1,-14,4,-4,-6,-2,16,5,-2,-1,25,13,-9,5,-13,-9,17,-11
-1,-21,11,20,-9,18,-20,-9,-4,-5,-1,-4,-9,-22,-14,7,9,-6,12,-6,-24,-6,14,-1,-2,16,-4,5,-3,16
-10,0,10,0,11,8,4,9,14,6,-2,1,-5,-24,-14,20,-11,-28,-3,-22,-11,-13,3,8,-5,10,-7,-20,8,0
-6,3,23,-11,-16,5,1,-11,21,13,5,-11,8,-4,2,27,6,-35,-13,-23,-4,-22,-2,10,-10,37,-9,-5,1,7
7,-5,8,13,-31,18,11,-1,2,16,-1,-10,7,12,-3,23,18,-8,-25,9,-5,-11,-5,4,-16,2,-12,-2,-10,1
15,-33,-3,-6,-18,12,-5,-9,6,16,-9,-18,5,1,-16,7,11,-10,-20,17,-8,-18,-25,8,-2,29,2,-3,-7,9
12,-31,-3,-27,-20,11,8,10,-3,15,-3,-4,5,11,-16,14,18,-8,-15,31,8,-4,-38,6,10,7,-11,-6,-2,-3
24,-18,15,-39,-10,-9,-7,-6,-5,3,-9,-11,4,7,-11,0,9,1,-2,34,4,6,-24,2,9,12,-6,1,-9,17
10,-14,8,-61,-2,-8,-13,-1,7,4,6,-7,7,31,-4,4,16,9,-4,14,3,15,-14,-13,-4,15,-6,1,-6,18
8,3,1,-38,7,-28,-14,-3,-13,-7,-3,-12,15,44,4,9,7,4,1,9,4,8,4,-19,-2,13,0,18,-9,9
8,-1,-1,-7,8,-10,-8,-7,-10,-7,4,3,9,22,8,-2,9,23,8,0,-9,-2,13,-13,-25,14,-1,7,-7,13
3,13,0,18,1,-7,-12,-5,5,-1,-6,1,17,2,22,10,-3,21,15,5,-6,2,11,14,-33,1,-7,9,-6,-1
14,12,-9,14,7,-9,-14,-4,-7,9,-11,-12,19,4,25,0,6,10,11,6,1,13,3,4,-15,11,-10,8,-4,9
10,0,-6,15,8,5,-10,-4,2,17,-4,-9,7,-2,28,3,-3,-2,-3,21,10,3,1,-9,0,17,-14,-8,-5,4
12,3,-6,12,15,4,-3,1,8,3,-2,3,1,-5,8,-4,16,4,-7,6,26,2,-2,-2,-10,14,-13,-10,-6,-1
23,3,-2,8,0,10,11,-13,25,-16,-1,8,-5,-4,-2,-9,17,2,-19,4,27,-9,13,-9,-12,25,-8,-8,-6,11
17,11,-9,-1,-17,4,9,-8,24,-8,-8,11,-9,2,1,-5,12,4,-7,0,12,-24,2,-7,-16,23,-10,-13,6,-4
-1,3,-12,0,-19,5,7,-1,18,1,-23,9,-18,-8,-16,-9,1,1,-3,3,3,-17,11,-3,3,35,-5,-13,19,-16
1,-5,-16,3,-6,0,8,0,23,10,-14,1,-17,-4,-14,-9,-2,7,-16,-9,-6,-5,8,-2,2,26,-2,-12,10,-15
-4,-21,-6,12,-22,3,10,-13,20,8,-12,-19,-19,-9,-1,-16,3,11,4,-13,-3,-21,6,0,11,36,12,-3,20,1
11,-35,-9,8,-19,3,10,-1,16,-4,4,11,-3,-2,4,-15,5,6,8,-21,-7,-20,8,6,10,16,8,3,8,-4
-5,-19,-7,-17,-1,3,-2,7,3,3,-8,11,-16,5,-5,-17,-10,6,-9,-11,-8,-16,5,21,-5,20,8,-4,19,6
-11,-16,-5,-9,-14,-7,-10,4,2,-1,-11,1,4,10,-16,-27,-7,20,28,-16,-12,-1,24,31,3,21,19,-10,12,7
29,-32,-11,-2,33,1,-30,-26,2,9,-4,-28,21,2,-16,7,52,15,8,-19,-27,-18,24,39,-13,14,17,1,-16,18
0,-6,3,-11,30,-9,-24,-32,16,0,-5,-24,9,-37,-21,21,28,17,23,-22,-23,-11,5,27,-19,23,29,-13,-34,23
9,-3,2,8,17,8,-20,-16,17,-13,-2,-16,-4,-11,-6,12,19,25,3,-17,-11,-2,-5,21,-14,24,15,-13,-15,13
-5,-6,-4,-5,5,-8,-1,2,-6,-4,2,6,6,8,8,8,-7,6,-7,5,4,-7,1,-2,-4,-8,3,-6,3,5
5,-3,-2,-8,0,-1,-7,8,7,-4,1,-6,4,-3,2,3,7,-6,3,12,-5,3,7,2,-1,7,-7,-3,-2,8
-15,-2,-5,-3,7,26,-17,-17,3,21,-24,-16,18,24,8,-21,3,3,-3,12,11,2,-11,30,-26,30,-8,-6,-2,25
-23,0,23,-2,-5,-5,-20,-18,2,-2,-3,0,-8,-6,-16,-3,7,2,34,-28,-15,-13,28,22,-4,25,-10,1,14,32
-10,16,11,-2,-16,15,-10,7,19,-3,-1,10,-15,-27,-9,19,-8,-14,15,-3,-10,-18,27,23,-22,16,-2,-13,5,6
1,1,5,12,-21,4,13,8,7,12,-8,0,2,11,-21,14,8,-14,-13,-27,-5,-32,13,14,-4,15,-6,0,5,8
-7,-8,0,-9,-45,14,1,2,5,7,-2,-5,-10,7,-18,25,7,2,-26,-12,-9,-37,5,8,-4,7,-4,-7,-15,19
3,-10,0,-34,-58,4,-7,1,7,14,-4,-12,7,4,-20,18,12,13,-14,19,-6,-11,-5,4,-1,-4,-13,-11,0,9
20,-23,-4,-75,-25,2,5,-7,9,16,-5,-6,9,7,-29,10,5,10,-17,13,-11,4,-13,14,-9,1,-10,11,-11,12
19,-17,3,-69,-6,1,3,1,-11,13,2,-13,5,21,-18,14,7,14,-10,29,-13,6,-18,-5,-4,4,-16,24,-13,13
-4,-24,6,-58,7,-21,-5,-9,-12,7,0,-8,4,22,-20,8,11,13,-6,12,-3,17,4,-12,-8,1,0,26,0,14
5,-18,0,-7,12,-20,1,4,-10,-2,-1,-13,-5,29,-20,6,13,12,1,8,-12,9,-7,-7,4,4,-7,25,8,4
-1,-6,6,22,2,-7,-17,-13,4,-9,-3,-5,3,5,-8,7,13,10,-7,10,-16,3,4,-12,-33,-7,-6,9,-12,1
12,-9,-5,26,4,7,-24,-11,0,-16,-10,-3,12,5,22,20,13,19,-5,2,-12,9,5,3,-32,1,-12,9,-8,-2
-2,-1,-4,23,9,8,-4,1,1,12,-15,0,18,-5,16,6,3,10,-3,8,20,10,-5,-6,-20,0,-12,1,-3,-5
14,-1,-2,2,0,8,7,4,11,13,-7,-6,10,-15,17,22,4,-1,-10,-1,24,-2,5,-11,-15,25,-10,-6,-12,6
18,9,-13,15,3,4,-2,5,9,-2,7,9,-2,-2,2,-8,10,-1,-11,14,23,-14,-5,-14,-15,24,-4,-2,-5,13
9,8,-7,14,-11,2,11,-5,10,-1,6,15,-13,1,-4,1,10,4,-4,4,16,-14,7,-5,-10,17,-6,-12,16,10
8,11,-11,6,-8,4,11,1,13,-9,-16,3,0,4,-4,-2,5,-3,-1,-5,8,-18,7,-7,-2,29,-8,-2,7,-9
6,4,-3,10,-20,10,1,-6,20,-7,-21,5,-5,10,-18,-16,4,-7,-2,7,-4,-9,13,16,0,9,-4,-6,-1,-2
-5,-13,-15,12,-18,12,15,3,8,8,-15,6,0,-2,-6,-3,6,6,-4,-7,-9,-10,2,14,3,13,-7,0,8,-8
-5,2,-12,-12,-5,13,2,10,14,-3,3,0,-3,-10,-7,-17,-7,-10,3,-7,-6,-5,9,0,5,20,-6,4,4,-8
-6,-13,-16,0,-11,-2,-3,-7,12,11,-4,-12,-8,-2,-16,-10,8,0,-5,0,-21,-10,7,18,12,16,-4,-9,14,-1
5,-13,-11,4,-9,-9,-2,0,1,14,-15,9,-11,8,-14,-7,-6,1,2,-7,-25,-10,1,13,0,21,-6,-21,6,-12
-13,-27,-17,5,-3,-4,-5,11,-11,11,-7,-5,-11,8,-5,-4,3,9,-3,-9,-26,-21,-4,1,11,-6,11,13,-9,10
15,-25,8,-10,25,-1,-8,-26,8,19,5,-39,6,3,-18,23,28,24,-10,-16,-33,-25,6,25,18,19,26,-16,-4,12
-8,-6,23,-11,33,-26,-17,-25,16,8,4,-26,13,-18,-27,16,20,25,27,-30,-28,-24,25,29,-21,21,19,-1,-15,27
-3,8,8,-6,2,-8,9,6,-8,0,-1,-2,-2,8,-5,2,0,-5,-2,-7,-1,0,-4,-5,8,-1,-1,2,-2,4
7,1,7,3,-5,-5,-8,1,6,7,-5,5,2,0,-5,-7,0,-2,5,4,-2,6,6,-1,-6,-6,-1,-3,4,-1
7,1,-5,-4,-1,1,-14,3,-1,-4,-6,-8,-4,3,-7,6,-2,3,8,11,-5,-7,5,4,-5,2,-2,-7,-5,-5
4,-1,23,9,-3,5,-19,-2,14,0,-4,-5,-5,-1,1,1,-7,-3,4,-1,-12,-2,15,14,-15,2,-9,-1,1,-5
-12,17,7,-11,-15,14,-12,-1,18,-7,-13,7,-7,-20,-13,-10,-14,1,21,-2,-3,1,32,18,-2,20,-15,6,33,9
-12,4,16,-3,-26,2,9,-1,20,-4,2,7,-29,-23,-16,-2,-3,6,10,-13,-3,-25,8,8,6,20,-4,-4,1,19
-5,-5,-8,-4,-29,19,-8,-2,0,12,-7,3,-5,-7,-33,16,2,13,-11,-6,-8,-19,10,15,-18,9,3,-3,4,34
0,9,-5,-24,-49,8,2,6,17,-8,-10,5,-6,0,-37,10,10,23,-14,-14,10,-43,11,12,-6,-2,-5,1,5,29
10,-8,-3,-41,-59,3,9,-5,10,18,-13,-10,10,19,-44,21,24,16,-18,7,0,-18,9,5,-8,1,-4,3,-5,7
1,-5,2,-68,-33,2,11,7,2,22,-1,-5,5,6,-34,4,9,12,-33,9,-22,-2,-21,4,-16,7,-5,10,10,18
4,-19,6,-59,9,-6,-3,-5,5,26,3,-10,0,13,-40,10,13,9,-23,18,-20,30,-9,-5,-6,-9,-4,11,-2,7
0,-15,-9,-30,23,-26,3,0,-11,7,9,-16,-3,16,-37,7,14,3,-25,4,-28,7,1,-7,-22,4,-6,16,2,22
-5,-9,-6,20,15,-12,-12,-3,1,-12,-9,2,-5,8,-19,19,10,-2,-20,7,-22,6,9,-5,-24,-4,-15,12,-1,5
-9,0,3,33,-3,-1,-4,-26,2,-5,-16,-9,1,16,-2,3,15,11,-7,4,-28,16,10,-12,-38,-4,-5,7,10,-3
3,0,-1,38,7,7,-10,-10,-2,-7,-16,2,14,-6,11,7,12,5,-2,0,-11,16,13,3,-43,-4,-9,-5,12,2
5,3,-7,24,3,17,-1,1,-4,-1,-24,-5,9,7,9,14,8,6,-8,5,22,9,-7,-7,-29,11,-8,-9,7,3
1,6,-4,20,8,-2,15,-5,0,1,-5,3,-1,1,-6,11,4,0,4,9,26,-2,9,-7,-27,17,-11,-9,5,-5
13,17,-8,2,-9,3,8,-6,16,-2,3,-1,1,2,-11,-7,7,4,12,0,19,-22,16,-1,-14,32,8,-6,14,5
6,10,-5,4,-16,7,4,-5,18,-8,7,-8,5,0,-17,-5,7,6,0,-7,9,-10,13,7,1,20,-1,-9,13,-7
6,12,-1,10,-6,-7,4,-2,2,1,6,1,14,-10,-22,1,3,3,-3,2,1,-10,9,6,7,16,-7,-16,5,-9
-10,-5,-3,5,-15,2,9,1,15,-11,11,7,7,-10,-15,8,-5,-2,17,-7,-8,-9,10,10,0,6,-2,-15,10,2
-3,-15,-8,4,-4,24,-3,-1,-1,2,-18,-3,2,-2,-3,3,6,-13,16,1,-4,-6,4,14,3,-1,-14,-5,-15,-2
0,-12,-14,9,-12,10,-6,-8,8,12,-7,5,-10,-6,-10,-14,-7,7,4,-3,-19,-15,-1,16,15,7,1,-10,14,3
5,-24,-1,-11,-11,-14,-9,7,11,15,-8,6,-3,-2,-22,2,-8,-7,20,-7,-30,-20,13,15,2,12,9,-4,5,21
-4,-27,-1,-4,-17,-11,-12,0,-9,13,-2,-6,0,12,-32,15,13,4,6,-26,-33,-13,7,13,3,2,1,-4,-5,22
-9,-39,5,-14,1,-6,-11,-8,-18,4,17,-24,-10,-2,-19,3,24,27,20,-29,-24,-33,22,17,-5,7,17,16,-9,24
2,-18,25,-23,24,-36,-19,-22,1,18,12,-44,36,-6,-17,-3,30,12,24,-34,-14,-20,23,37,2,33,15,-2,-23,7
3,2,15,-4,33,-4,-13,-2,3,14,12,-11,19,-23,-7,14,-2,20,18,-8,2,-2,-3,27,-22,12,16,2,-10,9
6,-6,13,5,21,-3,-20,-11,23,-12,13,-15,12,-21,1,6,19,15,12,-12,7,-4,3,12,-23,15,20,-8,-15,9
-3,-5,8,0,6,-8,1,2,-1,6,-5,-4,4,0,8,-6,-7,-5,4,-5,-5,9,-7,-3,-5,-4,-8,0,-5,-5
3,6,2,-5,2,-5,-13,1,5,-9,1,3,-4,-7,7,1,-2,6,0,17,2,6,1,4,-7,8,0,-6,7,-5
-9,-5,-17,3,-13,11,16,9,-14,16,-16,-4,-13,7,-6,-9,11,2,-2,5,6,1,-2,-4,11,-4,-23,9,-4,9
-28,10,5,1,-3,1,2,-4,10,3,1,14,-14,-24,-25,-10,-8,20,13,10,-22,-19,24,6,7,12,-8,-14,21,2
0,-4,6,-7,-8,6,-7,6,-6,5,-9,4,-8,-9,-21,1,0,33,23,-14,-7,-25,17,1,21,8,-1,1,8,13
-4,14,-8,-30,-27,13,3,9,19,-2,3,17,-15,-6,-31,-18,-4,2,6,-11,4,-34,16,3,-1,0,-13,-11,20,28
5,10,-4,-27,-45,1,9,6,4,3,-7,-5,0,8,-36,-12,0,9,-7,-7,4,-29,1,15,6,-6,0,7,0,22
13,-8,18,-58,-31,-10,7,-12,6,12,9,-2,15,-1,-37,-1,16,19,-17,-11,-17,-17,0,17,-10,2,-8,9,1,8
2,-14,5,-53,-30,-13,2,9,-2,12,10,-4,-2,9,-38,-2,17,13,-15,0,-23,-13,-5,11,-20,0,0,8,3,10
-3,-2,11,-38,9,-25,-6,11,-9,9,-9,-2,6,17,-22,6,13,25,-15,6,-36,9,6,6,-22,9,-8,25,15,12
-5,-5,2,3,20,-26,5,10,-10,8,-4,-8,-9,22,-34,8,9,14,-20,8,-46,18,21,-8,-8,10,-1,16,3,8
-11,-6,5,27,17,-9,6,-13,-3,-7,-23,-17,-2,24,-10,6,9,13,-21,-5,-41,4,12,-12,-13,-5,-6,16,11,-4
-2,-3,18,34,-2,-4,11,-4,-6,-13,-16,-2,-4,12,-27,12,5,-5,-17,-2,-38,4,8,-19,-9,0,9,5,30,-6
-12,-6,13,26,6,17,3,-12,7,2,-10,-9,-3,15,-15,23,11,6,5,-12,-4,9,13,-14,-34,0,4,-8,24,4
5,0,4,27,8,11,3,7,-2,4,-7,-8,6,4,-13,0,6,8,6,4,20,-8,9,0,-13,13,6,-9,24,5
-1,3,5,8,-3,6,15,-6,-15,-2,1,-8,3,6,-9,-8,-1,8,21,-7,18,-11,13,-5,-1,23,-1,-4,18,-5
2,21,6,8,0,-11,2,0,-7,17,-2,2,17,10,5,-12,9,3,17,-7,20,-5,3,13,8,16,5,-9,19,-8
0,11,8,0,-4,-5,3,-3,5,4,11,-3,7,0,-12,-14,0,5,19,-2,-2,-14,6,22,8,19,10,-6,12,0
-2,27,-1,-2,-11,5,3,-3,-4,9,9,-2,5,1,-11,-9,3,-16,19,-7,-7,-13,3,9,10,9,-2,-6,18,5
1,-7,0,3,-5,-3,3,10,4,-6,2,1,19,4,-12,-12,-1,1,14,-4,-5,-7,7,8,8,-10,1,-3,-4,0
-15,-32,12,2,11,-8,4,3,2,11,-2,10,8,1,-14,-1,-4,-3,4,-13,-5,-2,12,11,25,1,7,-3,-4,-4
-8,-25,-13,-14,-8,3,-16,0,2,10,-10,-3,5,14,-13,-5,3,-9,18,1,-22,1,3,20,15,-9,2,-13,-2,4
8,-29,-3,-18,4,-9,-18,-3,-6,20,-7,-12,8,7,-19,5,-1,-8,15,-20,-34,-16,2,14,10,6,9,-18,-9,14
12,-34,-8,-16,18,-16,-11,-2,4,-2,18,-6,17,1,-27,25,9,0,21,-13,-16,-10,12,16,-2,-21,13,-5,-9,13
-4,-15,1,16,13,10,10,5,-18,7,-2,-9,-7,-10,-22,14,2,11,-2,-11,-19,-6,-8,4,12,-17,12,5,-12,1
-11,-10,28,-10,17,-11,-7,-11,-1,2,23,-12,-7,-23,-12,27,9,49,8,-27,9,-24,-3,30,4,5,35,9,-25,16
6,7,8,3,31,15,-11,-12,15,12,-3,-27,18,-11,-9,-8,14,23,21,-12,-12,3,-4,30,-16,3,16,-8,-14,15
8,2,4,-8,14,9,-9,-8,-2,13,2,-3,4,-3,-8,1,10,2,-8,0,4,0,-3,3,-5,4,4,-3,-3,5
7,7,5,-8,4,-1,7,1,4,6,-3,-4,0,2,4,2,5,6,-8,8,3,8,-2,7,5,2,4,5,-5,5
-15,15,12,-6,5,-11,4,9,8,5,15,11,-3,18,1,-17,-10,-8,-9,17,-7,-3,-19,5,4,5,14,12,14,13
-7,3,-4,7,2,15,6,2,-13,21,-6,5,-9,7,-6,-6,1,6,-6,6,11,5,-2,-13,2,5,-21,-6,-3,10
4,8,12,12,-19,-8,-3,-20,12,4,8,7,-4,-7,-8,-27,-2,27,25,-1,-6,-20,24,9,6,28,-9,-22,9,3
-5,11,-6,-6,-5,-11,0,-17,12,12,7,-7,5,-12,-22,-27,-6,16,6,-1,-9,-22,13,10,10,5,8,-15,-5,23
1,0,-7,-33,-34,-21,1,4,6,-22,10,7,-8,4,-37,-20,8,22,6,-9,10,-19,34,8,16,4,0,4,-1,19
-2,10,8,-34,-28,-10,-11,9,6,-4,10,-1,3,-3,-17,-6,1,23,10,-18,-7,-30,-1,11,-15,-6,-4,1,-6,19
0,6,6,-28,-27,-17,-15,-3,-1,22,5,-14,10,22,-26,-19,3,11,11,-3,-12,-10,6,22,-16,-3,2,12,10,11
-8,5,4,-30,-6,-27,-5,8,-4,15,3,2,6,14,-28,-8,5,26,-3,-21,-23,-8,10,9,-7,7,5,10,5,15
-6,-9,13,-15,-5,-9,-3,11,-5,12,-7,3,3,13,-17,2,14,16,5,-14,-40,5,17,4,-5,2,1,12,17,3
-9,7,7,11,6,-17,-4,2,-15,13,-6,-6,1,15,-18,-10,7,9,2,-12,-45,11,19,-2,-6,-5,4,8,12,4
-12,1,16,21,15,-19,23,-5,-3,-3,-24,-4,0,8,-2,-2,7,3,0,-15,-32,-2,9,-13,-4,-5,-6,13,12,-3
-7,-7,16,27,16,3,12,0,-1,-8,-13,-9,1,20,-16,7,6,6,-10,-12,-27,3,12,-9,2,-11,19,-9,18,-7
-4,1,17,23,1,10,12,13,-8,-14,2,0,2,14,-15,1,13,0,0,5,1,-5,14,-11,1,-7,17,2,8,-8
-5,11,13,16,2,3,9,-6,1,1,-1,5,4,10,-14,-10,1,8,6,1,10,4,7,-3,13,1,8,-22,22,-14
-3,1,-3,12,2,4,-2,-8,-10,4,7,0,6,8,-4,-12,-3,8,9,2,-2,1,13,-2,8,9,1,-4,8,1
-7,2,-1,5,1,2,12,-1,1,10,4,4,11,12,8,-16,-2,-2,28,-11,18,-16,4,4,4,3,7,-5,9,-3
-16,21,2,12,3,-3,-4,-7,1,7,5,6,14,-3,14,-21,4,2,18,-2,10,-15,7,12,8,0,0,2,-2,-2
-20,3,3,1,-9,8,4,1,5,24,5,-6,24,3,-17,-16,11,0,24,-4,-1,-17,7,11,5,6,-1,-2,5,3
-15,-10,-3,9,-1,0,-5,4,6,17,3,1,20,1,-3,0,-10,-13,21,-9,-11,-2,6,13,19,-10,7,-15,6,-7
-10,-22,2,-15,2,9,-16,3,0,20,2,-2,10,9,-3,7,-1,-3,23,-10,-29,-8,11,15,4,-8,4,-10,-4,3
-20,-27,5,-15,-12,-3,-8,-1,-7,21,2,4,10,16,-7,5,9,-11,28,-2,-28,-3,7,12,6,-3,17,-7,-16,21
-5,-20,0,-25,-4,2,8,5,-3,9,-10,-9,5,7,-7,-4,12,-10,27,-22,-17,-13,9,5,9,-21,-2,2,-12,22
-14,-20,3,-1,1,-3,-9,3,-27,2,3,5,1,-5,3,10,3,-3,26,-15,-22,-3,11,0,13,-19,6,0,-18,11
2,-14,26,19,13,-12,-2,-2,-4,5,-4,-14,13,-41,-5,36,-4,7,5,-39,-21,-25,-2,6,17,-6,18,-8,-15,-11
-3,-4,10,-5,23,-23,21,-2,-14,-18,-8,5,7,-9,-22,43,0,18,16,-25,10,-4,2,-6,14,-21,-2,3,-19,-19
-4,12,4,-1,17,-21,-11,0,-6,21,-14,-14,24,7,-13,-6,-7,5,7,-5,-10,17,-12,14,-4,-8,2,26,13,1
0,1,7,1,1,-2,-3,8,-6,-5,-3,8,-5,-7,7,7,2,-1,3,-1,1,-8,5,-8,-8,5,-8,-8,-8,-7
0,-3,-7,7,2,2,-2,3,-1,6,-5,0,-3,-2,-8,7,6,-1,-8,7,-6,4,5,2,6,1,5,3,5,-2
9,-7,7,-7,-5,-1,-16,1,14,2,19,4,2,11,-3,3,2,3,0,-1,-3,-6,0,13,1,11,14,3,-7,4
18,-3,31,-7,-5,-8,-36,-13,8,0,31,-8,18,14,9,3,16,13,14,-19,-4,-8,20,14,-1,22,20,2,-18,12
-18,-2,58,17,-9,-25,-14,-11,17,23,-4,-10,16,-33,-11,-24,-5,35,17,-11,-17,-21,12,7,3,32,32,-2,-1,18
-10,12,-4,-7,-10,-30,-10,-3,5,20,1,-12,11,-14,-13,-1,0,5,17,-3,-3,-21,-9,2,-6,3,10,-3,-26,20
-12,12,-6,-31,-36,-20,4,3,-2,7,4,-8,23,-10,8,-21,-5,3,5,-1,-8,-18,-4,2,12,-5,6,-14,-21,10
6,9,5,-32,-27,-35,2,18,-7,2,3,2,15,-12,-1,-17,7,10,21,-13,-10,-11,7,5,-5,-2,6,7,-21,7
-1,7,7,-31,-26,-36,-12,13,-12,15,6,-4,17,10,-6,-19,8,12,9,4,-12,-17,6,17,-4,-12,9,14,5,8
0,3,5,-15,-5,-16,2,4,-7,8,1,-4,5,7,10,-27,0,7,12,-5,-20,-8,4,8,16,-5,-1,1,-2,-3
-4,-2,4,-8,-2,-9,6,10,-15,15,6,-12,8,11,9,-7,12,5,4,-16,-7,-7,3,-8,-1,2,3,2,1,10
1,4,15,4,10,-12,4,0,-1,3,-6,-1,8,19,-7,-5,12,14,8,-16,-19,2,6,3,1,-10,8,6,4,-12
-7,-1,24,11,5,-5,8,-1,-11,-9,-2,-1,-12,22,-2,-10,13,5,9,-9,-14,-1,19,4,19,-11,15,2,4,5
2,6,10,11,2,10,10,-3,-4,-12,0,1,-4,21,3,-8,17,4,2,-15,-2,6,16,-11,24,-13,21,0,12,-1
3,4,22,14,-10,-2,-3,6,-17,0,-7,-4,2,20,-14,-6,3,-8,19,3,-3,10,20,-7,19,-6,16,-3,5,0
0,4,8,18,-3,4,11,2,-5,-4,-1,4,8,18,-18,-3,7,8,13,6,-1,1,27,-3,22,-19,10,0,4,-6
-15,3,9,16,7,-3,-1,0,-7,2,5,15,7,22,-1,-11,1,3,20,3,3,-1,11,-8,22,-8,12,1,2,0
-4,5,9,11,-1,-3,0,-1,6,-1,7,-3,10,10,2,-19,8,0,22,3,10,-10,4,-2,20,-6,7,-15,9,-8
-1,-5,10,14,7,5,-8,0,-10,13,1,-4,9,9,3,-4,6,-4,19,-2,-2,-1,18,5,17,-11,8,-4,-3,2
-21,-5,8,-2,3,-4,-10,-7,-11,6,2,-2,13,11,3,3,-6,-7,24,-1,1,-6,1,10,14,-7,7,-2,7,6
-18,-21,19,13,14,3,-10,2,-6,-2,-6,-6,14,8,-11,-1,5,1,29,-1,-8,-10,13,18,14,-4,-3,3,-8,4
-20,-30,7,-1,5,0,0,-7,-6,2,-11,-7,19,1,2,5,3,-1,29,-5,-22,0,-1,-3,25,-23,-17,0,-6,7
-12,-36,21,10,11,0,3,-4,-11,-7,-11,-6,15,-16,5,4,8,2,19,-8,-11,14,1,6,12,-1,-7,-16,-6,14
-14,-35,0,-18,-20,-1,-5,-14,-14,2,-2,-11,6,18,-7,1,17,-5,22,-12,-9,3,4,11,15,-12,3,-4,0,19
-16,-20,14,-3,6,5,-5,-12,-3,8,14,-20,7,5,-10,-8,35,14,20,-33,-7,-14,16,-1,24,-15,9,11,-23,29
-7,-2,10,2,11,1,13,-2,-8,-3,-15,-12,29,-25,-6,39,21,20,17,-45,8,-3,6,5,3,-26,-1,13,-28,0
-25,-17,17,15,20,-21,3,2,-18,-6,2,3,0,-29,-29,22,-8,17,9,-23,5,2,11,17,2,-9,17,5,-15,13
3,-1,1,-2,-1,-12,12,-8,-4,11,-5,-18,-1,16,9,-6,9,2,-2,2,1,9,0,-1,9,10,-4,12,-2,-13
-7,0,5,0,6,4,-6,-3,1,2,-8,6,3,-8,-2,-1,2,7,5,-2,-4,-8,-1,-2,2,6,7,8,5,-6
-6,0,5,4,1,4,-2,-5,4,8,-7,-1,-4,-1,6,8,2,0,1,1,2,4,-3,-4,0,7,-8,-4,-5,0
-7,8,4,-5,2,-4,1,-7,1,-4,1,-1,6,8,7,-2,-4,-2,-5,0,1,-6,4,6,-6,-3,0,-3,8,-3
3,6,23,-14,-14,-9,-17,2,14,-2,13,1,7,-4,13,0,1,0,4,-10,3,-13,8,10,-20,16,6,-10,-7,-2
-12,9,18,-8,-9,-20,-13,-16,22,10,15,4,19,3,-18,26,2,4,24,-31,-12,-12,27,28,1,23,9,2,2,30
-8,-3,4,4,-20,-10,-14,-11,-1,3,-2,-5,15,-21,26,-1,2,20,31,-7,-4,-21,5,11,-10,6,4,-9,-9,12
-22,10,6,-8,-2,-25,-9,9,-4,31,-18,-10,27,-26,31,-15,-8,26,16,5,-7,7,-33,2,-4,3,6,-4,-18,-14
-20,11,13,-28,-10,-25,-13,8,-3,22,6,-13,6,-15,4,-28,-1,18,8,3,-19,-9,-22,0,-12,-1,28,6,-12,12
7,5,1,-12,-6,-9,-4,14,3,-3,24,2,6,-5,26,-20,6,11,20,10,-14,-6,1,0,-2,-3,8,9,-14,6
-8,-5,-1,-7,-1,-18,-2,2,6,10,11,-5,6,-3,15,-15,11,0,10,-12,-2,-2,-7,2,6,-7,17,-2,-3,-6
-2,3,-5,-10,-3,-14,-5,3,13,8,20,-15,10,4,7,-2,5,3,8,-1,-4,-5,6,-4,5,-14,18,0,8,2
4,0,2,-15,-7,-15,11,6,0,16,10,-6,0,23,0,-16,17,-7,7,-4,3,0,-1,-6,11,-13,6,4,-2,-6
7,4,9,-2,0,-1,4,-2,3,4,4,3,4,16,14,-11,11,-3,16,1,20,-4,17,-2,10,-19,14,0,2,13
2,0,6,-2,-8,3,10,4,-4,-2,12,5,4,21,-2,-7,10,-1,9,9,2,0,24,-10,18,-9,14,4,7,0
4,13,5,17,6,6,12,-2,6,6,17,9,-10,29,-10,-11,3,2,-1,6,3,11,26,-6,9,-15,8,0,3,5
-14,4,9,7,7,0,14,7,-5,-4,3,9,13,24,0,-9,-6,5,10,3,0,12,6,-9,19,-15,11,-8,2,0
2,0,7,10,4,6,-6,-4,-1,-8,1,16,6,21,-4,-19,-8,8,11,2,0,12,19,-7,20,-11,5,-3,13,-2
-4,-7,2,6,6,-1,6,14,2,-1,11,6,-5,12,1,-17,-4,-3,16,2,3,10,20,0,13,-14,17,6,9,-1
-2,-10,5,9,-5,3,1,5,0,9,-7,0,12,5,4,8,-8,4,17,-3,4,5,5,10,14,-16,4,1,2,6
-15,-27,0,11,0,3,-4,2,-1,2,-7,4,18,5,3,-7,0,-7,25,-9,-6,-7,19,11,16,-12,4,4,-3,6
-18,-12,9,0,-5,12,-7,4,3,11,-3,-3,6,4,15,-18,1,-3,27,8,-16,-7,0,12,22,-21,7,0,-5,20
-22,-35,6,-13,13,5,0,-6,-5,-2,3,4,28,-9,-1,1,3,5,27,-15,6,1,7,8,17,-19,-12,0,0,13
-10,-13,8,9,2,21,5,-2,-11,10,-19,3,16,-7,6,0,1,-5,21,2,-10,2,2,13,15,-9,-28,-6,-5,18
-9,-19,13,-3,9,-15,11,-2,8,6,-2,2,-3,-1,-1,13,7,4,20,-10,-7,-1,-1,2,17,-20,0,2,-10,17
2,-21,14,-17,-4,-7,29,0,12,-12,8,9,2,-6,3,29,14,1,20,-15,7,6,-4,-8,6,-25,-1,3,-28,19
13,-6,19,14,15,-3,12,-5,3,-26,7,-5,16,-31,-7,39,17,18,17,-28,8,-3,0,-2,-7,-24,1,-8,-38,-3
-12,-15,22,16,20,-17,-2,2,-9,2,-6,0,4,-16,-17,25,3,11,7,-13,-7,8,-10,8,-5,-14,5,8,-11,1
-23,12,14,10,9,0,-2,-3,4,25,-1,-18,9,-22,3,17,-14,19,-1,-11,-8,-3,-9,13,3,8,8,-2,12,-12
4,-8,-3,-8,8,-8,-1,0,-8,-8,-6,-5,-6,6,7,-8,-1,3,-6,0,-6,0,8,-7,4,8,-8,4,6,-7
-5,7,-7,-5,1,1,-2,5,2,4,-6,-8,6,4,-7,-3,-3,-5,3,-7,5,-9,2,2,-4,-5,2,0,-8,4
5,5,6,2,-4,8,2,4,-3,3,7,-4,6,-1,4,-2,3,7,-7,-3,3,2,-2,1,-8,-8,5,-5,1,7
-6,12,16,-13,-15,-11,-1,4,15,0,7,13,-1,-10,-2,-1,-6,-7,17,3,-14,-12,4,11,-11,12,7,-10,8,3
10,22,-14,-20,-23,-4,-2,1,36,-18,14,24,3,-21,-4,11,-8,-20,27,-8,1,-18,29,15,-1,10,-15,-18,7,-1
0,3,-6,-9,-5,1,-17,4,-9,-9,9,3,-6,0,16,10,2,20,14,-8,-14,-5,19,7,-8,-9,11,8,-3,18
-12,4,-1,-19,-20,-9,-3,4,-8,5,20,-2,-12,-10,24,11,2,5,12,-12,-6,0,17,-18,0,8,3,2,-5,1
0,1,12,-10,-17,-9,-6,-4,16,13,17,1,3,-32,19,-2,3,30,6,-7,-8,-2,-5,-6,6,-1,14,4,-7,-6
6,3,7,3,-5,-2,-3,8,14,12,23,0,2,-16,19,-7,-4,9,11,9,-11,2,-17,-11,-4,-8,15,-9,-2,2
9,10,-2,-28,-12,-16,-6,-2,6,9,39,-9,9,-2,11,-6,2,-2,12,-10,-21,9,9,2,-14,3,6,-3,-2,12
-9,4,9,-6,-8,3,5,4,1,1,24,-9,6,-14,10,-2,10,12,13,2,-10,2,-1,1,7,-7,14,4,7,15
-5,10,2,-7,1,-2,4,10,11,12,33,-2,-8,3,14,-13,3,5,13,-9,4,-16,3,-5,15,0,19,2,16,22
-13,17,9,-8,-11,0,-7,-3,11,0,23,-1,-3,-1,10,3,0,10,15,10,3,5,3,9,3,-3,11,5,19,13
-6,17,8,3,9,0,0,1,8,4,19,2,1,11,-2,4,1,4,15,-1,2,5,-3,-2,2,-7,7,13,6,20
2,16,7,11,5,-8,1,-1,3,13,13,8,-1,9,-2,-16,1,1,12,3,7,12,10,4,5,-8,8,7,-9,13
-6,15,3,15,3,0,14,-5,8,-3,8,11,-15,9,-3,-9,-9,-5,9,5,13,1,16,-10,20,-9,14,8,8,16
1,9,-4,20,-3,12,0,3,-1,-1,-1,2,5,7,10,-6,-5,-2,14,8,-6,15,5,0,19,-4,14,2,-3,10
2,-4,-6,9,4,16,0,10,-7,-12,3,6,-14,2,16,-16,-6,5,11,4,3,17,8,-6,8,-17,7,-1,-4,24
-11,-15,-1,14,8,7,-1,1,5,1,2,11,14,3,11,-13,-8,-11,16,2,3,21,-3,7,18,-24,7,2,-7,18
7,-30,0,-4,9,21,3,-2,4,3,0,0,16,9,2,-26,3,1,13,3,-2,-1,9,11,9,-10,-2,7,-3,4
-3,-15,-1,6,1,16,-8,-7,-6,4,6,1,19,21,13,-18,14,-5,13,-2,-2,5,16,19,10,-30,-7,9,-23,11
-12,-16,13,-1,-2,15,-8,-21,1,10,9,-9,26,11,-5,-7,11,-9,20,-12,-8,0,16,7,9,-14,-11,-10,-14,13
4,-18,2,-9,13,7,8,-16,7,7,8,-3,18,12,2,-21,27,-18,8,-8,9,-9,20,-5,-6,1,-10,0,-20,30
1,-36,19,11,14,-18,8,-7,-1,-7,21,-9,18,3,-13,18,20,3,31,-37,6,1,10,9,-4,-16,8,-2,-20,16
-1,-13,16,0,2,-7,12,-10,0,-12,13,-1,11,12,-11,19,23,-1,12,-23,14,6,27,-7,-13,-18,5,6,-8,29
4,-6,12,-5,1,-12,28,-2,9,-27,6,1,13,-14,-25,39,2,12,15,-33,1,2,26,3,-2,-14,2,-9,-21,1
-20,-7,20,17,6,32,5,-3,-10,-2,-11,-9,0,10,-8,29,1,11,7,-4,-1,-9,19,-5,-9,-5,12,16,0,26
-14,17,17,-3,12,0,-12,-17,-10,22,-20,-14,10,-7,16,7,-9,17,22,-6,-3,20,-11,5,2,9,6,-4,10,-8
-8,6,2,-8,-7,-2,-7,-5,3,4,-3,-1,-3,0,7,-8,-6,-2,-3,-6,4,2,7,-3,4,6,-4,6,7,-8
-3,-3,-1,5,1,-1,7,1,-8,-2,5,-1,-7,-8,5,6,6,3,-5,1,-8,-8,-1,-1,8,1,-1,6,4,-2
-7,-5,2,-5,6,-1,-7,2,-2,-6,-4,-7,9,3,-8,0,4,5,-4,-4,-4,-3,-3,3,-2,1,-1,0,3,-8
-4,1,6,-6,-4,-8,-12,-5,10,2,5,8,8,2,-11,-8,-4,-4,-1,-12,-11,4,12,13,-3,-2,0,-5,9,5
15,14,16,-16,-20,13,9,21,26,-23,-4,36,-26,-17,18,6,-31,-18,17,16,10,-23,17,-2,7,-2,-21,-18,8,-12
5,28,21,-12,-3,-29,-4,6,37,-5,25,27,-6,-4,-7,20,-30,-1,10,1,-23,-10,30,14,-3,-22,9,-15,-8,-12
12,7,10,-8,0,-3,10,13,12,3,11,24,-19,-18,17,7,-13,9,-15,29,-14,2,-4,-8,-3,-14,3,-24,3,-27
2,2,16,-4,-14,2,5,-9,22,-3,9,10,-15,-13,21,-7,-7,4,3,12,-10,-7,6,8,13,-1,10,-9,3,-18
16,-6,8,-25,-22,0,0,11,19,-7,19,12,-8,-14,26,2,-17,-13,3,18,-14,8,-1,-6,5,-7,0,-17,-6,-11
13,-4,5,-12,-15,3,3,4,6,-6,21,11,-10,-23,22,-5,-2,3,2,-2,-7,14,-9,-14,16,1,-21,7,-2,-14
-6,9,6,-16,-17,0,8,7,9,5,4,3,4,-6,13,-5,-5,3,24,0,13,-7,-5,2,16,0,-3,3,2,13
8,11,-2,-16,-12,-6,6,10,6,-1,21,21,-3,0,7,-2,-4,-5,-3,14,9,-2,-5,-1,12,-9,4,5,9,6
6,19,5,-6,-6,-3,-12,13,5,-11,31,21,-7,-11,19,-14,-7,-3,18,18,4,-10,-1,3,0,-9,-9,9,4,13
-6,5,9,3,-10,13,1,5,-5,-7,26,17,-14,5,4,-17,11,0,8,6,0,0,5,-6,9,-6,8,1,3,25
-4,11,11,14,1,14,4,17,10,-8,30,16,-24,-7,15,-3,-6,-4,15,8,6,-12,11,2,8,-13,13,6,2,21
-4,14,-2,13,-12,13,1,3,-1,-7,14,18,-19,0,4,-4,-2,-2,18,12,3,-3,17,4,7,-3,13,7,10,16
4,-10,0,4,4,4,2,16,-9,-5,16,12,-8,7,-1,-5,-6,1,12,-3,11,0,21,-13,14,-11,5,10,-9,14
24,-12,-13,6,-6,18,-10,-3,4,-16,16,22,-11,5,1,-15,10,-10,12,14,0,1,26,-5,6,-4,1,1,-17,19
6,-22,9,1,1,-1,-2,1,8,-6,5,11,2,2,11,4,-11,-1,20,-13,10,-2,12,2,33,1,17,-14,-5,8
16,-18,-7,19,19,6,-4,-3,-7,-2,15,6,9,17,6,5,20,-10,21,-15,0,3,23,2,18,-5,-1,5,-16,16
4,-4,-18,1,8,-4,-2,9,-23,-13,18,12,9,0,6,-14,14,2,19,-4,4,-5,3,7,23,-1,-1,5,-23,6
18,-12,-16,11,8,-6,16,0,3,-8,13,15,11,-8,-6,-8,6,5,-2,-15,17,-6,16,12,9,-8,-10,-5,-18,7
7,-5,4,6,8,4,-10,-14,4,-14,11,3,4,-29,1,7,3,-14,18,-22,1,9,17,15,9,0,8,-22,-6,9
6,-8,1,-11,-2,6,14,-27,8,-14,1,5,0,-18,4,12,16,-14,8,-11,13,-10,20,13,-3,-22,-3,5,5,8
13,-5,-21,-18,-1,-11,34,-9,8,-25,13,19,6,6,13,26,1,-19,-5,-13,38,10,10,5,-6,-24,-13,-1,2,-11
3,-5,9,-1,10,-25,8,-11,19,-20,13,-7,14,-8,-20,26,7,1,11,-13,-9,-5,12,18,-3,-18,16,5,-1,8
-12,1,7,-19,13,-8,-14,-13,12,16,17,-22,11,13,-22,6,13,7,16,-13,-10,-9,4,9,-11,4,16,3,1,7
-8,-1,-2,-2,-3,4,0,-7,-6,-5,8,7,1,1,-5,0,-2,0,-7,-6,2,3,-8,-6,7,-6,-3,-6,2,0
8,-7,-6,0,-8,-3,-8,4,-4,-2,6,-4,-3,-3,5,-3,2,-2,3,-6,8,6,-8,-8,-5,6,-4,-5,2,5
4,2,-2,1,-2,7,6,-7,-8,5,-2,6,-2,-5,6,-6,7,4,-2,6,6,-5,1,5,-3,-5,6,-8,5,-7
-8,-3,6,-3,-2,-1,-3,2,-5,5,1,8,5,-8,6,-7,0,-2,-3,2,-7,7,8,-4,7,-6,-3,0,2,-8
7,0,5,6,1,6,0,-7,6,3,5,-2,6,2,8,-3,0,-1,-1,-2,-5,7,-2,3,-8,5,5,6,-3,6
-17,4,-6,-2,0,14,20,17,-17,-8,-13,-3,-9,-2,15,6,15,6,5,-7,11,-5,3,-18,15,-8,-21,2,4,1
9,7,24,-2,17,-10,4,13,25,-12,-3,22,-12,0,19,30,-8,1,-12,-1,-5,-3,0,-2,2,3,2,-30,10,-20
26,5,16,-19,15,-30,4,9,41,-19,22,61,-5,-25,-4,27,-31,-7,-9,3,11,-7,14,3,-12,-14,9,-38,7,-21
3,0,12,-3,-25,-4,-13,2,21,-19,1,32,-10,-10,7,-4,-11,-9,9,6,-4,0,18,10,9,-19,11,-10,14,-2
28,2,-11,-4,-9,-13,1,13,14,-24,23,35,1,-13,4,17,-15,3,-3,7,-9,17,15,5,11,-21,-1,-17,-5,-20
6,5,7,-4,-5,-10,-9,14,13,-33,11,30,-9,-24,0,12,-38,9,18,14,-20,11,11,13,29,-31,14,-23,7,-8
20,19,7,-16,-8,-13,-1,22,7,-34,22,41,0,-17,19,7,-18,13,10,22,1,0,11,7,26,-36,-5,-22,0,-14
28,7,-5,-9,-22,14,-11,6,12,-33,28,38,-2,-14,17,2,-1,-7,9,24,4,3,14,-1,12,-29,-13,-1,-5,-2
17,3,-1,0,-6,3,-5,16,21,-21,19,43,-19,-17,7,6,-5,6,-6,22,7,-7,15,2,17,-10,3,-6,-9,-9
6,0,5,0,-24,3,2,23,2,-19,13,33,-17,-13,2,5,-15,12,15,4,-2,3,14,3,14,-28,12,-13,-9,-4
25,-10,5,-10,-3,9,-7,13,22,-7,18,32,-17,-9,13,-1,-17,-5,5,-3,1,-6,20,8,9,-10,5,-11,-22,12
25,-14,-1,6,11,16,-2,2,9,-4,13,27,2,-15,12,-4,-18,-6,11,10,-4,15,15,2,-4,-12,-6,-10,-27,0
24,-34,-12,11,-3,19,4,6,7,-24,15,26,-21,-5,12,7,-8,10,3,8,-1,3,21,-16,13,-17,5,-24,-29,13
19,-32,-9,-12,3,12,-2,16,3,-34,17,23,-12,-11,8,16,0,-1,14,7,1,11,28,-6,14,-8,4,-8,-32,1
24,-19,-5,5,10,13,-1,16,-8,-23,11,20,-1,-1,-7,26,0,-8,13,0,-7,6,9,0,20,-14,16,-12,-26,2
15,1,-15,-2,10,0,5,17,-5,-26,16,30,-13,-4,-1,11,-4,-11,-5,2,-3,14,7,-6,32,-15,8,-14,-20,-6
10,15,-26,-7,-3,-5,7,27,7,-27,15,44,1,0,-9,14,-26,-15,15,-11,-7,-9,22,2,28,-20,8,-12,-1,-16
8,10,-32,-15,8,-16,14,17,-3,-20,31,28,13,2,-7,23,-8,-17,0,-10,-1,-5,14,-4,18,-10,-16,11,10,-13
23,-8,-10,-1,26,-10,33,24,7,-18,25,22,5,-25,0,43,-6,-10,-10,-11,27,6,8,-16,35,-17,6,-9,15,-27
-12,8,-8,-1,-4,3,16,8,-6,-5,-4,16,-20,-19,7,26,-14,15,15,1,16,-4,15,-13,31,-15,20,0,17,-4
-2,8,-14,-16,-8,0,34,0,-11,0,0,15,-13,15,13,31,-6,10,15,-23,18,0,11,-9,6,-2,-5,14,9,8
7,-3,-3,-3,-1,-13,17,8,-7,-17,4,12,1,2,-9,13,-17,-1,18,-3,5,-5,6,3,8,-9,10,4,-6,-10
-5,-5,-5,0,5,-4,4,0,5,6,-4,3,-1,-7,-7,-6,8,-3,3,5,-1,2,-1,-6,-2,-5,-8,4,-2,6
1,7,8,-1,1,-3,-4,8,-2,-6,6,5,4,3,-7,6,-7,-7,3,6,7,2,-4,-4,-8,-8,2,-4,-1,2
-1,4,-6,-3,-6,3,0,-8,-1,1,-7,4,3,4,7,-4,4,3,-6,-5,1,-3,2,2,1,-4,-1,3,5,-3
-1,3,-2,0,-2,-3,-1,5,-5,-8,-3,1,-8,-6,7,4,-2,-1,8,3,1,-4,-8,-8,-8,5,-4,-3,-7,7
0,-6,-3,-6,8,4,7,4,4,-3,-7,-3,-4,-5,7,5,-2,6,8,2,-5,3,7,-6,8,1,4,1,-8,4
-3,-7,3,0,-1,2,7,0,-6,-8,2,3,4,-8,-4,6,-8,-1,-1,-3,3,8,-3,4,0,6,0,1,-4,0
-4,-2,8,-6,3,6,-8,3,3,-5,7,-5,7,-4,-4,-2,5,-8,-7,-2,8,3,6,8,5,-6,0,8,2,6
26,8,-5,-19,19,-12,23,-15,14,-7,18,13,20,5,-27,25,11,-12,-16,-29,22,17,28,11,-2,-18,-26,6,-12,-11
31,2,-30,-4,24,-22,27,-21,35,-25,27,27,33,1,-24,27,19,-9,-18,-15,44,26,6,0,-16,-26,-21,-10,-3,-14
25,1,-21,-7,-6,-19,6,-4,39,-27,34,22,18,2,-9,13,-9,-13,-4,-14,8,16,14,1,2,-26,-12,-25,3,-20
22,2,-3,-1,7,-13,1,-6,35,-20,30,28,5,1,-5,5,-10,12,-11,8,-3,23,-1,-8,2,-30,3,-27,-12,-14
28,-4,26,-1,12,-11,11,4,51,-29,19,21,16,-3,-13,16,-13,-11,-33,4,1,7,4,-4,8,-17,15,-27,-2,-24
17,-2,-6,6,4,-15,13,18,18,-23,33,30,11,7,-13,20,-9,2,-9,9,18,19,5,-15,28,-26,15,-6,1,-12
37,-9,5,-11,5,-19,16,11,30,-26,37,41,11,-7,-11,21,-3,-10,-2,5,6,5,4,-7,28,-12,19,-25,-2,-24
19,-18,-10,-4,3,-9,7,29,13,-22,32,47,-2,9,-11,22,-19,-7,4,-10,8,7,13,-13,24,-6,14,-4,2,-15
17,-23,-16,2,-6,-10,13,10,4,-32,20,48,8,16,-6,9,-8,-11,-10,-10,7,7,13,-16,27,-24,9,-9,-15,-3
27,-43,-5,1,-3,-16,12,41,6,-50,29,60,0,-6,-14,35,-24,-13,0,-5,1,10,15,-21,22,-41,1,-11,-2,-27
26,-47,29,4,13,-22,18,19,14,-42,40,59,15,-4,-10,31,-8,-14,-2,-2,18,22,5,-9,19,-43,11,-27,-20,-24
8,-7,31,-15,3,-3,11,16,5,-11,4,34,-4,-1,2,45,-26,5,9,-10,18,5,1,3,41,-19,22,-5,-13,-21
22,2,22,-6,-2,-21,26,16,24,-30,16,56,0,-2,-3,50,-13,-12,9,-6,17,3,3,9,30,-30,6,-17,-23,-33
28,-2,16,4,20,-9,0,37,16,-34,16,38,7,-5,-5,26,-23,-40,-5,-2,-12,19,0,13,19,-19,19,-19,-25,-17
16,5,-7,0,17,-24,11,20,14,-31,10,38,-5,16,-18,30,-25,-25,-7,-10,-3,5,9,13,14,-36,9,-6,-22,-22
12,-2,-14,-4,15,-13,5,29,0,-31,0,44,-5,-11,-12,34,-31,-8,-8,-9,-10,-2,-16,11,44,-15,22,-16,4,-18
6,-13,-10,16,10,-16,7,22,8,-28,15,40,2,-2,-12,41,-16,-42,-11,-4,1,18,-8,12,26,-27,5,-13,-1,-11
23,-10,-7,-5,24,-15,39,20,24,-30,14,35,8,-7,-14,48,-7,-11,4,-11,19,5,18,12,10,-37,-8,-16,4,-36
14,-16,5,5,-2,-3,13,43,-6,-11,-3,21,-12,-15,-10,24,-30,-14,19,0,24,0,14,-6,21,-24,34,1,-1,-26
21,-1,-7,8,25,-2,2,29,12,-2,11,12,9,3,-17,21,-10,-12,17,-2,23,-2,13,3,16,-17,27,-1,10,-32
-5,-3,3,-2,8,7,1,-3,0,5,3,8,4,7,4,-5,-8,-7,-6,-7,0,-7,7,8,9,6,7,7,2,-3
5,4,1,5,4,-6,-8,5,-8,-2,3,8,-6,7,-5,2,3,8,4,1,-3,-2,1,8,5,1,-7,6,-1,-8
-1,1,-7,4,4,-4,-4,-7,-1,-4,-7,8,4,-4,-4,-8,-4,-6,4,-6,0,4,7,-5,3,-1,-8,6,1,-4
7,5,-2,-6,2,-5,-7,-8,4,-6,-2,0,3,8,-3,7,-7,4,-2,-1,0,-6,7,-4,1,-5,-8,1,2,-7
-7,5,-2,6,2,8,-1,-2,-2,5,-8,5,-7,4,7,-7,-4,4,4,-4,-6,8,8,-7,-7,-7,-5,0,2,5
-6,-6,-5,-7,1,3,-7,1,4,6,6,3,1,6,5,-4,4,-4,5,-5,7,4,7,2,-6,0,-3,0,3,8
2,0,-1,-5,1,3,8,-1,-6,4,-6,2,-1,-3,4,4,4,3,-7,0,-8,4,-4,1,3,7,-4,-6,-5,6
-8,0,5,4,1,-2,3,-6,-5,0,8,-3,-4,-8,-5,-3,8,-2,-4,-7,-6,-1,-8,-5,-3,4,-7,3,-8,3
-1,-8,6,8,5,-5,6,-3,-2,3,3,3,6,-2,3,0,-3,-6,7,-4,-8,3,7,1,-7,8,-1,2,3,-4
3,-20,8,9,-8,4,-5,15,-1,9,-30,8,-15,-21,1,5,-6,13,-4,6,-11,-10,-15,-3,9,-2,25,-5,11,0
-8,-9,-3,13,9,11,-11,1,-2,-2,-16,7,-20,-9,21,-3,-1,6,-8,11,-2,-11,-10,2,1,-4,17,-7,17,0
13,-1,6,12,2,-9,15,19,10,-10,14,11,21,1,-18,26,11,11,4,-7,9,10,-13,0,7,-14,18,-14,-8,-12
20,-5,0,14,11,-13,24,26,10,-2,11,9,12,2,-22,18,4,17,5,-12,2,0,-11,-1,12,-23,21,-16,-2,-9
14,-6,16,-9,6,-6,20,-2,4,0,7,4,7,6,1,19,5,13,5,0,0,7,-25,11,14,-11,5,2,-8,-6
23,-18,1,20,28,-6,14,17,25,-9,18,23,1,3,-7,25,-18,24,-21,-11,17,7,-14,0,33,-21,0,-23,-18,-23
11,5,-2,7,29,-19,16,12,21,-11,21,9,3,13,-12,15,7,3,-19,-9,6,26,17,7,23,-25,8,8,-2,-8
13,-3,7,2,14,0,23,15,13,-8,9,12,4,5,-14,26,-1,17,-20,-6,6,21,11,3,30,-18,0,2,-16,-16
2,-16,7,32,10,6,-2,9,8,-4,-13,9,-2,-13,15,4,2,12,-18,14,-16,4,-12,1,15,-21,18,-7,3,-15
22,-11,-8,7,20,3,18,19,21,-18,20,20,10,1,1,34,-3,11,-6,5,-5,23,8,4,33,-22,11,-11,-14,-30
18,11,-1,2,36,-1,24,12,14,-16,17,24,8,3,-12,34,1,23,9,4,1,22,16,4,0,-19,11,3,-31,-13
14,-11,9,29,12,11,14,10,2,-22,-4,7,-4,0,7,13,-13,21,-17,8,-3,20,-10,2,14,-17,5,-3,3,-20
8,-10,3,32,26,24,-8,19,17,-1,-2,-1,-19,-3,27,2,-22,19,-44,19,-4,1,-21,-22,22,-19,31,-10,10,-31
16,-20,-12,-12,26,15,11,3,14,-18,-6,4,1,-1,-1,13,-3,-3,-33,22,3,5,-28,-1,19,-19,-13,-16,4,-35
13,1,10,5,12,3,16,9,14,-8,9,-2,4,10,3,22,10,-1,-23,-2,11,-3,-12,-12,16,-15,-4,-9,15,3
2,-11,-1,4,18,10,-9,20,0,-11,-9,-22,-14,-6,7,-6,-10,-7,-22,11,-18,5,-19,-19,12,-9,2,2,2,-25
12,-11,-5,-6,25,-12,8,15,19,-14,4,7,5,-15,-3,8,-10,-12,-17,10,-19,1,-6,2,2,0,-2,-2,10,-12
27,-7,0,4,7,7,5,11,17,2,12,3,8,-8,11,18,-5,-15,-2,3,-2,2,11,13,-5,-7,-2,3,-6,-14
8,0,0,7,8,7,5,7,2,-5,4,6,-3,-6,1,3,3,3,7,2,4,-5,-3,0,-8,-4,4,5,1,-2
5,-5,-2,-4,4,-7,-1,-5,2,2,-2,-6,2,-8,-2,-7,1,7,1,-7,6,5,-2,-7,3,-8,-5,-1,4,-7
9,8,-4,-7,4,-5,-7,-8,-7,-2,3,-8,-8,2,-2,-3,-8,-3,7,2,4,-1,3,-6,0,-3,-2,-5,1,-7
-8,-8,-8,4,3,-5,-2,7,-6,2,5,3,-3,7,-1,-3,7,8,5,6,-1,2,-2,-8,4,-2,-5,-3,2,1
3,0,3,-7,-1,4,0,-3,-5,0,-2,2,-4,1,-4,2,1,-6,1,0,1,2,-2,-8,-3,8,-5,4,-7,8
